제목,지역,소분류,성별,내용
[구로종합사회복지관] 독거어르신 방문생신잔치 자원봉사자 모집,서울,구로구,공통,"구로종합사회복지관에서는 지역 내 독거어르신들을 정서적으로 지원하기 위하여 방문생신잔치 사업을 진행하고 있습니다.독거어르신 방문생신잔치 사업은 2018년 1월부터 시작하여 현재까지 진행해 오고 있으며, 매월 구로구에 거주하는 독거어르신들 중생신을 맞으신 어르신들의 가정으로 방문하여 생신잔치를 열어드리는 방식으로 진행되고 있습니다.월간 활동 일시, 횟수 등은 매월 초에 자원봉사자 분들과 의논하여 정하고 있으며, 원하시는 시간과 날짜에 참여할 수 있도록 안내하고 있습니다.독거어르신의 말벗, 상담 등의 봉사활동에 관심 있으신 분들의 참여를 바랍니다.프로그램명: 가가호호 생신잔치진행기간: 1월 부터 12월까지(연중지속)진행장소: 대상자 어르신 가정진행대상: 구로구에 거주하는 65세 이상 독거어르신진행내용: 생신을 맞으신 어르신을 방문하여 생신축하 및 말벗, 상담 등의 정서적 지원활동 진행모집기간: 연중 지속모집인원: 6명(활동은 2인 1조로 진행하며 초기에는 복지관 직원이 동행합니다)문의전화: 02-852-0525(김상엽 사회복지사) ※ 자원봉사희망자 정보는 신청자와 관리센터만 볼 수 있습니다.(로그인 필요)"
장애인가정 집청소,강원,원주시,공통,"안녕하세요. 원주시 지체장애인협회입니다.몸이 불편하신 회원분께서 이사를 오는 4월25일 준비 중이신데, 빈집에 미리 가서 청소를 도와주실 분을 찾습니다.장애인분은 하체가 불편하셔서 거동이 많이 어려우십니다.봉사해주실 것은 청소 뿐으로 무거운 짐 옮기는 것은 없습니다.ㅇ 봉사 내용: 이사할 집 청소ㅇ 봉사 시간: 2019.04.24. 9:00~16:00ㅇ 봉사 인원: 2-4명ㅇ 봉사 장소: 무실8차 아파트ㅇ 봉사 조건: 무관궁금하신 내용은 033-732-2263 (정필근)으로 연락주세요.  ※ 자원봉사희망자 정보는 신청자와 관리센터만 볼 수 있습니다.(로그인 필요)"
어르신 봄나들이 활동보조 봉사자 모집합니다,서울,서초구,공통,"까리따스방배종합사회복지관에서 사례관리 및 보호서비스 어르신(취약계층) 봄 나들이 활동 보조 봉사자를 모집합니다.1. 일시 : 2019년 4월 25일 목요일 8시 30분 ~ 18시2. 장소 1) 집결 → 까리따스방배종합사회복지               (서울 서초구 남부순환로 2124)  2) 나들이 장소   - 민머루 해변 : 인천광역시 강화군 삼산면 매음리   - 물레방아 식당(점심식사) : 인천광역시 강화군 삼산면 삼산남로828번길 26   - 아르미애월드 : 인천광역시 강화군 불은면 중앙로 742-23. 모집인원 : 10명4. 모집대상 : 대학생, 휴학생, 직장인5. 활동내용 : 나들이 진행 시 어르신 관람, 체험활동 등 보조, 어르신들의 말벗 역할 수행, 거동이 불편한 어르신, 장애인 등에게 휠체어 동행 어르신 봄나들이를 위해 많은 지원 부탁드립니다~^^!!문의사항은 02-522-6004 김영은 사회복지사 로 문의 주시기 바랍니다. 감사합니다.※ 자원봉사희망자 정보는 신청자와 관리센터만 볼 수 있습니다.(로그인 필요)"
"장애인가정 청소년 멘토링 멘토모집(남성, 활동비 지급)",충북,청주시,남,"◈봉 사 명 : 장애인가정청소년학습지원사업(1:1멘토링)◈봉사대상: 장애 및 비장애 초등학생 ~ 고등학생◈봉사장소: 멘티 가정◈봉사일시: 2019. 4 ~ 2019. 11월까지 진행(협의를 통해 연장 가능) / 주 1회(연 32회), 1회기당 2시간 / 일시는 멘티와 협의 / 총 32회기(32회 * 2시간 = 64시간)◈봉사내용: 1:1 수준별 맞춤 학습지원, 1:1 문화활동(1~3회), 단체문화활동(연 1~2회), 멘토 교육 및 간담회(1~2회)◈봉사혜택: vms봉사시간 입력, 멘토활동비 지급, 우수멘토 표창◈세부내용 안녕하세요. 충북장애인재활협회입니다. 2007년부터 현재까지 13년동안 장애인가정학습지원(멘토링)을 진행한 멘토링 전문기관입니다. 장애인가정의 대부분은 저소득가정이며 정부 보조금으로 생계를 이어나가고 있어 자녀에게 충분한 지원이 어려운 실정입니다. 장애인가정청소년학습지원사업(멘토링)은 학습지원, 일상생활지원, 정서적지원, 문화활동 등을 지원하고 있으며 육체적.정신적으로 건강한 청소년으로 자랄 수 있도록 이끌어 주실 마음 따뜻한 멘토를 모집합니다.◈주의사항 약 1년 동안 멘티와 1:1로 진행되는 장기적인 봉사활동입니다. 그렇기 때문에 책임감을 많이 요구하게 되는 봉사활동이에요. 하지만 필요한 봉사시간만 채우고 그만두시는 멘토분들이 많고 그로 인해 아이들(멘티)들이 마음의 상처를 많이 받고 있어요. 선생님(멘토)한테 버려진다는 마음의 상처가 제일 크며 이러한 일이 반복될 수록 아이들(멘티)은 마음의 문을 점점 닫고 더 이상의 멘토링 활동이 어려워집니다. 그렇기 때문에 1년(32회) 장기적으로 진행해주실 수 있는 멘토 선생님들이 간절히 필요한 상황입니다. 많은 관심 부탁드립니다.궁금하신 사항이 있으시면 언제든지 전화, 문자, 카카오톡 등 연락주세요~ 언제나 환영입니다^^※ 자원봉사희망자 정보는 신청자와 관리센터만 볼 수 있습니다.(로그인 필요)"
[본리종합사회복지관]가사서비스 이불세탁 배달 봉사자 모집 ,대구,달서구,공통,"본리종합사회복지관에서는 평소 이불세탁에 어려움을 겪는 이웃들에게 이불세탁 지원하고 있습니다.이에 이불세탁 배달봉사자를 모집합니다.- 일시 : 5월 중 실시(공휴일 및 토,일요일 제외)- 내용 : 이불세탁 수거 및 배달- 참고사항 : 자차로 배달하여야 하며, 유류대 지원이 불가하오니 참고바랍니다.- 담당자 : 사례관리팀 백성윤 사회복지사신청 후 복지관으로 연락주시면 자세하게 안내해드리겠습니다.053-563-1007 본리종합사회복지관※ 자원봉사희망자 정보는 신청자와 관리센터만 볼 수 있습니다.(로그인 필요)"
들꽃 가족봉사단,전남,곡성군,공통,1. 봉사일자 : 2019-04-01~2019-12-312. 봉사장소 : 매월 독거노인 개별방문 진행3. 봉사내용 : 들꽃 가족봉사단4. 참여대상 : 가족단위 참여 (봉사참여 시 활동 가능에 대한 연령 제한을 두고자 함)5. 연 락 처 : 곡성군건강가정다문화가족지원센터/ 담당자 최상은/ 061-362-5411※ 자원봉사희망자 정보는 신청자와 관리센터만 볼 수 있습니다.(로그인 필요)
모아모아 마음모아 활동,대전,동구,남,장애가정의 건강한 삶을 위해 함께 해주실 분을 모집합니다.일시 : 2019. 4. 19(금) 15:00~18:00장소 : 재가장애인가정(복지관에서 모여서 출발하기에 복지관으로 오시면됩니다)모집인원 : 6명※ 자원봉사희망자 정보는 신청자와 관리센터만 볼 수 있습니다.(로그인 필요)
[정립주간보호시설] 5월 10일 나들이 자원봉사자 모집 ,서울,광진구,공통,"안녕하세요~ 정립회관 주간보호시설에서 몸과 마음이 건강한 자원봉사자를 모집합니다.대부분의 이용자들이 기본적인 신변처리가 가능하며 이동지원이 주활동입니다.- 모집인원 : 6명- 일시 : 2019년 5월 10일 (금요일) 9시 00분 ~ 17시 00분- 장소 : 정립회관 -> 양평 쉬자파크 -> 정립회관- 집합장소: 서울 광진구 워커힐로 93 (정립회관 주간보호시설)- 나들이장소 : 양평 쉬자파크 (경기 양평군 양평읍 쉬자파크길 193) - 내용 : 정립회관 주간보호시설 어르신 현장학습 나들이 동행- 특전 : 점심식사 및 간식 제공, 자원봉사실적 등록- 문의 : 02-446-1237          (봉사활동 신청 및 문의 사항이 있으시다면 02-446-1237로 전화하신 후 ,           주간보호시설 최혜경 사회복지사로 통화 연결 바랍니다.) ※ 자원봉사희망자 정보는 신청자와 관리센터만 볼 수 있습니다.(로그인 필요)"
발달장애인 병원진료 동행,부산,북구,여,"1. 봉사시간- 2019.04.17(목). 09:00~완료시까지2. 모집인원: 1명3. 봉사내용- 모라주공 1단지에서 이용자를 만나 덕천부민병원으로 이동 (자비콜 이용)- 덕천부민병원 1층 정형외과로 이동 후 이용자 이름과 함께 외래진료예약증 전달- 다리에 실밥을 뽑은 후 진료비를 내고 및 약을 받을 수 있도록 지원- 자비콜을 이용하여 모라주공 1단지까지 귀가 후 이용자에게 자원봉사일지 및 개인정보동의서를 받고 작성 후 전달4. 활동장소: 부산광역시 북구 만덕대로 59, 덕천부민병원5. 신청방법: VMS신청, 1365신청6. 문의방법: 전화문의 (T 051-312-5559)※ 자원봉사희망자 정보는 신청자와 관리센터만 볼 수 있습니다.(로그인 필요)"
"성가정노인종합복지관 독거어르신 도시락 조리 봉사	",서울,강동구,공통,"성가정노인종합복지관은 사회복지 이념을 바탕으로 지역사회 노인분들에게 다양하고 전문적이며 통합적인 복지서비스를 제공하여 희망과 기쁨이 있는 보람된 노후를 보낼 수 있도록 도와드리는 것을 목적으로 하고 있습니다.본 복지관에서 재가복지사업 독거어르신들을 위해 직접 도시락을 조리하여 각 가정에 배달을 해드리고 있습니다. 이와 관련하여 도시락을 조리해주실 봉사자를 모집합니다. 많은 관심 부탁드립니다.1. 모집내용: 성가정노인종합복지관 독거어르신 도시락 조리 봉사2. 활동내용: 독거어르신 도시락 조리3. 활동기간: 2019.04 ~( 매주 금요일 / 주 1회 / 9시~10:30분 )4. 활동혜택: 봉사활동 실적 입력, 중식제공 등5. 기관정보: 서울시 강동구 양재대로 156길 28(명일동 성당 내 위치) / www.skjsenior.org6. 문의: 자원봉사 담당 곽노현 사회복지사(☎070-5101-7523)※ 자원봉사희망자 정보는 신청자와 관리센터만 볼 수 있습니다.(로그인 필요)"
밑반찬 서비스 배달 및 동행 자원봉사자를 찾습니다.,경남,진주시,공통,"1. 봉사일자 : 2019-04-12~2019-12-312. 봉사장소 : 진주시3. 봉사내용 : 밑반찬 서비스 배달 및 동행 자원봉사자를 찾습니다.우리 복지관은 진주 1만 7천여명의 장애인들을 위하여 전인적인 재활서비스를 제공하고 있는 진주시장애인종합복지관입니다.매주 목요일마다 재가(가정) 장애인분들을 위하여 밑반찬 서비스를 지원하고 있으며, 함께 배달 및 동행 서비스를 지원해줄 자원봉사자를 찾습니다.배달 서비스의 경우 자가용을 소지하고 계신분들이 해당되며, 동행 서비스의 경우 성인이면 누구나 가능합니다.봉사 시간은 9시부터 12시까지이며 담당 사회복지사와 함께 동행할 예정이니 부담없이 참여해주시면 됩니다. 봉사활동에 관심이 있으신 분은 055-762-0179 로 연락주시기 바랍니다.※ 자원봉사희망자 정보는 신청자와 관리센터만 볼 수 있습니다.(로그인 필요)"
이미용 봉사 모집,부산,동래구,공통,장애인분들을 대상으로 이미용 봉사를 해주실 자원봉사자님들을 모집합니다.초보자분이나 베테랑분 상관없이 오셔서 도움 주실 분들을 기다립니다.                 시간 조율 가능하니 봉사자님들이 편하신 시간으로 부탁드리겠습니다.                     많은 지원 부탁 드립니다. ※ 자원봉사희망자 정보는 신청자와 관리센터만 볼 수 있습니다.(로그인 필요)
[나눔센터] 시각장애인 1:1 대면 옷코디 진행,서울,구로구,공통,☆해피스타일 1:1 코디 봉사자 모집☆■ 프로그램명:  해피스타일 1:1 코디 봉사자 모집■봉사진행일자 :  해피스타일 이용하는 이용자 분과 시간 조정하여 진행 됩니다.■프로그램진행장소: 서울시 근교 백화점 및 아울렛매장■봉사내용: 시각장애인 이용자 옷코디 및 시각장애인이동지원■모집인원:2명*우대사항*1) 패션 및 스타일 및 코디 및 디자인계열 준비생 및 대학생 및 종사자만 가능2)장애인에대한  인식이  좀  있으신분3) 봉사신청전  사전 전화필수!※아주 중요한  사항※1)시각장애인 이용자 분과 1:1 매칭된후 진행2)패션 및 디자인 및 코디 준비생 및 대학생 및 종사자만 가능3)신청전 꼭 연락주세요ㅡ신청 및  문의사항구로나눔장애인자립생활센터  윤지원복지사Hp) 010-5834-0233※ 자원봉사희망자 정보는 신청자와 관리센터만 볼 수 있습니다.(로그인 필요)
[신월종합사회복지관] 어르신 봄나들이 자원봉사자 모집,서울,양천구,공통,"제목: 신월종합사회복지관 어르신 봄나들이 자원봉사자 모집신월종합사회복지관에서는 지역사회 내 저소득 어르신들을 대상으로 4월 22일(월)에 봄나들이를 진행하고자 합니다.어르신들의 행복한 추억만들기에 함께 참여해주실 마음 따뜻한 자원봉사자 선생님을 모십니다.1) 일시 : 2019년 4월 22일(월) 08:30-19:002) 장소 : 충남 아산 현충사, 아산 스파비스3) 나들이 내용: 현충사 관람→점심식사(삼계탕)→아산 스파비스 온천체험→기관으로 복귀4) 자원봉사자 활동내용 :-참여 어르신 인솔 및 관리(자원봉사자분들께서는 온천을 이용하지 않습니다. 스파비스 안에서 어르신 인솔 및 안전관리역할을 요청드립니다)           5) 모집인원: 총 6명6) 기타사항 : 대학생 이상 자원봉사자 희망. 성별 무관. 점심식사(삼계탕) 지원 7) 기관위치: 서울시 양천구 신월로 24길 19 신월종합사회복지관8) 문의 : 신경인 대리(070-4755-3715)※ 자원봉사희망자 정보는 신청자와 관리센터만 볼 수 있습니다.(로그인 필요)"
주거환경개선사업 활동 보조 자원봉사자 모집,부산,사상구,남,"주거환경개선어르신 주거환경개선 자원봉사자 모집합니다.-일시: 4월 22일 월요일 09:00~17:00-인원: 2명-장소: 덕포동 내 어르신 주거지(1곳)-내용: 거주지 도배/장판 교체시 주위 물품 정리정돈(도배/장판 교체는 하시는 분이 따로 있으며 시공전후 물품 정리)-문의전화: 허민제 사회복지사(T 070-4282-5875)*사상구노인복지관 분관(부산 사상구 모라로 93, 모라1동행정복지센터 4층 사무실)에 집합하여 복지관 차량으로 함께 이동합니다.※ 자원봉사희망자 정보는 신청자와 관리센터만 볼 수 있습니다.(로그인 필요)"
"평일 오전 경로식당 봉사자 모집(월, 수, 목, 금)",서울,강서구,공통,"가양4복지관에서는 경로식당 봉사자를 모집하고 있습니다.  평일 오전 활동이 가능한 경로식당 활동에 참여해주시면 감사하겠습니다.1)일 시 : 월, 수, 목 금 (09:30-12:30)2) 장 소 : 서울시 강서구 가양2동 가양4종합사회복지관 1층 사랑채(경로식당)3) 활동내용 : 어르신 식사서빙, 도시락 포장 및 배달4) 기 타 : 주 1회 5) 문 의 : 서비스제공팀 박소영 사회복지사, 070-4338-4130 (오전9시~오후 6시)6) 신청방법 : VMS 신청 후 전화접수 하셔야 합니다.※ 자원봉사희망자 정보는 신청자와 관리센터만 볼 수 있습니다.(로그인 필요)"
[구립영등포노인복지센터] 방문이미용 자원봉사자 모집,서울,영등포구,공통,"구립영등포노인복지센터에서는 거동이 불편하여 미용실 방문이 어려운 어르신들을 위하여 찾아가는 방문이미용 자원봉사자를 모집합니다!활동기간: 6개월 이상, 평일 또는 주말(봉사자님들의 스케줄에 맞춰 시간 자유롭게 조정 가능)활동방법: 어르신과 연락을 통한 일정 조율 후 어르신댁에 방문하여 이미용 봉사활동 진행활동지역: 영등포구 영등포동문의사항은 '02-2631-3212'로 연락주시기 바랍니다.많은 신청 부탁드립니다^^※ 자원봉사희망자 정보는 신청자와 관리센터만 볼 수 있습니다.(로그인 필요)"
발달 장애인 활동 동행,경북,경주시,여,"1. 봉사시간- 2019.04.28.(일요일) 09:00~17:002. 모집인원 : 1명3. 봉사내용- 모라주공 4단지에서 이용자를 만나 사상구장애인복지관으로 이동- 사상구장애인복지관에서 경주 동궁원으로 가는 버스탑승후 경주 동궁원에서 봄 나들이 참가- 봄나들이 종료후 모라주공 401동 801호로 이동하여 자원봉사일지 작성 후 이용자에게 전달4. 봉사장소: 부산 북구 만덕대로 59 (덕천 부민병원)5. 신청방법 : VMS신청, 1365신청6. 문의방법 : 전화문의 (T.051-312-5559)    ※ 자원봉사희망자 정보는 신청자와 관리센터만 볼 수 있습니다.(로그인 필요)"
이미용 자원봉사 해주실 분 찾습니다.,충북,청주시,공통,"충북곰두리체육관 이용 장애인들을 대상으로 이미용 서비스를 진행하고자 합니다.하여 이미용 자격증이 있으신 자원봉사자분들의 재능 기부를 기다리고 있습니다.가능하신 월부터   월 1회  /   09시~ 12시 정도이며,   요일은 월,수,금요일  중에 관계 없습니다. 많은 참여 부탁드려요.^^ 043)216-0031 또는 제 연락처로 전화 주시면 됩니다.※ 자원봉사희망자 정보는 신청자와 관리센터만 볼 수 있습니다.(로그인 필요)"
홈 토탈 케어 솔루션 “우리집을 부탁해”,부산,북구,공통,"*사업명: 홈 토탈 케어 솔루션 “우리집을 부탁해”*모집대상: 구포동 또는 북구에 거주 중인 대학생 또는 일반인 누구나*모집인원: 1~2명*활동내용: 정리수납전문가와 가정방문을 통해 주거환경 개선 및 정리정돈 방법을 숙지하고, 실시. (사후 모니터링 포함)*활동기간: 4~11월, 월 2회 봉사(1회기 당 3~4시간)*담당자: 박지은 사회복지사 070-4825-8414※ 자원봉사희망자 정보는 신청자와 관리센터만 볼 수 있습니다.(로그인 필요)"
동대문노인종합복지관 재가복지사업 봉사자 모집 ,서울,동대문구,공통,"[동대문노인종합복지관에서는 재가복지사업 자원봉사자를 모집합니다]- 봉사일시 : 2019. 4.~12. 09:00~18:00 / 활동기간, 활동시간 자율 조정가능- 봉사장소: 동대문노인종합복지관 내- 봉사내용 : 재가복지사업 대상자 어르신 유선상담(안부확인 등)- 봉사자유형 : 고등학생 이상- 봉사문의 : 070-5068-0734, 김진효사회복지사★★사전 전화 상담 필수(담당자와의 스케줄조정 없이 기관 방문 시 당일 봉사는 절대불가함, 상담가능 시간 평일 09:00~18:00/토,일 상담 불가)★★봉사신청 후 070-5068-0734로 연락하여 ""vms에서 모집 확인"" 하셨다고 알려주세요!비밀번호등록담당자김진효※ 자원봉사희망자 정보는 신청자와 관리센터만 볼 수 있습니다.(로그인 필요)"
재가장애인 탁구 자조모임 보조 정기 자원봉사자 모집(안양시관악장애인종합복지관) ,경기,안양시,공통,"* 일시: 4/23, 5/7, 5/21. 6/4, 6.25 (화요일) 오후 - 14:30~17:00 (주 1회) / 복지관에서 2시30분에 탁구장으로 출발 후 5시에 복지관으로 귀관* 장소: 복지관 및 외부 탁구장  * 봉사내용 : 재가장애인 대상 탁구 자조모임 프로그램 보조(탁구치기)  * 모집인원: 대학생 및 일반봉사자(1회성 봉사자 제외) / 탁구가능자* 4회 이상 참여가능하신분만 신청바랍니다 * 오기로 한 봉사자가 연락없이 오지 않을 경우 프로그램에 지장이 있으므로 책임감을 가지고 봉사 신청 및 봉사 참여 해주시길 부탁드립니다* 봉사신청하시고 070-4838-1723(이동혁 사회복지사)로 반드시 전화주세요 ※ 자원봉사희망자 정보는 신청자와 관리센터만 볼 수 있습니다.(로그인 필요)"
어버이날 포장박스 만들기 봉사자 모집,대구,북구,공통,어버이날 포장박스 만들기 - 활동내역 : 어버이날 포장박스에 감사글과 그림 그리기 - 활동일자 : 4월11일 - 4월19일 - 활동시간 : 09:00 - 18:00 이내    원하는 시간을 사전 사무실 전화연락을 통해 정해주시면 됩니다 - 담당자 : 박선추(053-959-8310)※ 자원봉사희망자 정보는 신청자와 관리센터만 볼 수 있습니다.(로그인 필요)
나들이 봉사자 모집,인천,미추홀구,공통,"☆ 봉사일시 : 4/24(수) 9시-17시(8H +＠)☆ 봉사장소 : 한국민속촌☆ 출발장소 : 미추홀종합사회복지관(주안역4번출구)☆ 집결시간 : 08시 50분까지 모여서 사전교육 후 출발☆ 내      용 : 직원 및 자원봉사자 1인당 어르신 5명이 한팀이 되어 민속촌을 관람하며 민속촌 곳곳의 포토스팟에서 사진도 찍고, 민속촌 캐릭터들과 즐거운 시간을 보내고 오는 봉사입니다^^맛있는 점심식사도 하고 꽃구경도 하며 바람도 쐴겸 봉사시간이 당장 많이 필요하신분은 하루만에 봉사시간을 왕창 채울 수 있는 기회니, 화사한 꽃이 만개하는 봄♥ 저희와 하루동안 즐거운 추억을 만들고 싶은 분은 신청 후 전화주세요^^  ※ 자원봉사희망자 정보는 신청자와 관리센터만 볼 수 있습니다.(로그인 필요)"
'진수맘찬' 밑반찬 배달 자원봉사자 모집 ,충남,당진시,공통,1. 봉사일자 : 2019-04-18~2019-12-312. 봉사장소 : 당진북부권역3. 봉사내용 : '진수맘찬' 밑반찬 배달 자원봉사자 모집※ 자원봉사희망자 정보는 신청자와 관리센터만 볼 수 있습니다.(로그인 필요)
{나눔센터} 시각장애인 산행보조 봉사자 모집,서울,구로구,공통,☆시각장애인 산행보조  봉사자모집☆■ 프로그램명:  시각장애인 산행보조프로그램■봉사진행일자 :  마지막주 수요일(매주  진행되는 시간은 변동될예정 입니다)■프로그램진행장소: 경기 수도권  인근산■봉사내용: 시각장애인 산행보조 및 시각장애인이동지원■모집인원: 무제한*우대사항*1) 산에관심있는분2)장애인에대한 인식강하신분3)산을좋아하는분4) 봉사신청전  사전 전화필수!5)봉사를좋아하는분※아주 중요한  사항※1)  공휴일  및  센터행사  센터휴무일경우  스케쥴변동될수있음 2)산에관심있는분3)신청전 꼭 연락주세요ㅡ신청 및  문의사항구로나눔장애인자립생활센터  윤지원복지사Hp) 010-5834-0233※ 자원봉사희망자 정보는 신청자와 관리센터만 볼 수 있습니다.(로그인 필요)
일일 나들이 봉사자를 모집합니다,서울,구로구,공통,미소들주야간보호센터에서 일일나들이에 함께 가실 봉사자를 모집합니다.날짜 : 2019년4월25일(목)시간 : 오후12시~16시까지장소 : 신월IC부근 서서울호수공원내용 : 어르신들과 1:1 매칭되어 휠체어 이동도움자격요건 : 어르신들을 배려하는 마음과 산책을 함께 할수 있는 튼튼한 신체 보유자. ^^ ※ 자원봉사희망자 정보는 신청자와 관리센터만 볼 수 있습니다.(로그인 필요)
"어르신 도시락 만들기 ""무지개밥상""",부산,동래구,공통,"동래종합사회복지관 지역사회조직팀에서는 아래와 같이 ""어르신 도시락 만들기 무지개밥상"" 프로그램의 자원봉사자를 모집합니다.1. 사업명 : 어르신 도시락 만들기 ""무지개밥상""2. 활동일시 : 2019. 04. 20.(토) 10시~12시3. 활동내용 : 간단한 도시락을 제작하여 지역 내 소외계층 어르신들 가정으로 직접 전달함.4. 모집인원 : 10명~20명(※가족단위나 단체도 활동 가능합니다.)5. 문의 : 070-8897-8847 변여은 사회복지사※ 자원봉사희망자 정보는 신청자와 관리센터만 볼 수 있습니다.(로그인 필요)"
어르신 봄나들이 활동보조 봉사자 모집합니다,서울,서초구,공통,"까리따스방배종합사회복지관에서 사례관리 및 보호서비스 어르신(취약계층) 봄 나들이 활동 보조 봉사자를 모집합니다.1. 일시 : 2019년 4월 25일 목요일 8시 30분 ~ 18시2. 장소 1) 집결 → 까리따스방배종합사회복지               (서울 서초구 남부순환로 2124)  2) 나들이 장소   - 민머루 해변 : 인천광역시 강화군 삼산면 매음리   - 물레방아 식당(점심식사) : 인천광역시 강화군 삼산면 삼산남로828번길 26   - 아르미애월드 : 인천광역시 강화군 불은면 중앙로 742-23. 모집인원 : 10명4. 모집대상 : 대학생, 휴학생, 직장인5. 활동내용 : 나들이 진행 시 어르신 관람, 체험활동 등 보조, 어르신들의 말벗 역할 수행, 거동이 불편한 어르신, 장애인 등에게 휠체어 동행 어르신 봄나들이를 위해 많은 지원 부탁드립니다~^^!!문의사항은 02-522-6004 김영은 사회복지사 로 문의 주시기 바랍니다. 감사합니다.※ 자원봉사희망자 정보는 신청자와 관리센터만 볼 수 있습니다.(로그인 필요)"
[노원구건강가정다문화가족지원센터] 너나들이기자단 멘토모집,서울,노원구,공통,"노원구건강가정다문화가족지원센터에서는 다문화자녀성장지원사업의 일환인 너나들이 기자단 대학생 멘토를 모집합니다.1. 프로그램명 : 너나들이기자단2, 일         시 : 2019년 4월 20일(토)_1회기/ 5월-9월(토요일)2회기-8회기 4/20(토) 첫 회기 진행 후 이후 5월-9월 일정이 정해집니다. 총 8회기 진행될 예정이며 월 1-2회정도 토요일에 진행됩니다.3. 시         간 : 11:00-14:00(12:00-15:00)4. 장         소 : 노원구건강가정다문화가족지원센터 교육실 및 외부5. 내         용 : 대한민국임시정부수립 100주년 기념 3.1운동 관련 역사신문 만들기6. 담    당   자 : 신해옥 070-4613-0631  * 서울시 다문화가족 지역특성화사업 지원으로 진행되는 사업입니다 *.다문화자녀(4-6학년) 1명, 비다문화자녀(4-6학년) 1명, 대학생 멘토 1명, 총 3명이 한 팀을 이루어서대한민국 역사박물관, 서대문형무소 등 3.1운동 관련 조사 및 취재를 진행 후역사신문 만들기를 진행합니다.4월-9월 총 8회기 진행예정이며, 첫 회기는 4/20(토)에 진행됩니다.첫 회기 진행 시 이후 일정에 대해 서로 협의하여 진행 될 예정입니다.멘토로 참여 하시면 자원봉사 시간 및 소정의 멘토활동비가 지급 될 예정입니다. 궁금하신 점은 문의주세요!※ 자원봉사희망자 정보는 신청자와 관리센터만 볼 수 있습니다.(로그인 필요)"
장애인 행복 나들이 자원봉사자  모집,부산,북구,공통,"덕천종합사회복지관에 장애인 행복나들이를 함깨해주실 자원봉사자를 모집합니다 :)1. 봉사일자 : 2019-04-30 오전 8시 30분 ~ 오후 6시2. 봉사장소 : 전라남도 순천 일대(순천만국가정원, 드라마세트장)3. 봉사내용 : 장애인 행복 나들이 진행 보조많은 신청 부탁드립니다~ 신청하실때 전화 문의 꼭 해주세요!! 051-331-4674 석주은 사회복지사※ 자원봉사희망자 정보는 신청자와 관리센터만 볼 수 있습니다.(로그인 필요)"
<옥수재가노인지원센터> 어버이날기념 가정방문 봉사자 모집,서울,성동구,공통,"옥수재가노인지원센터에서는 어버이날기념 물품전달과 관련하여 가정방문 및 말벗자원봉사자를 모집합니다.센터에서 준비한 카네이션화분 및 식료품을 지참, 어르신가정에 방문하여 전달해주시고 더불어혼자 계시는 어르신들을 위해 말벗서비스를 진행해주시면 됩니다.비정기 봉사로 한 번에 1~2가정 방문 될 예정입니다.자원봉사 기간: 2019.4.29.(월)~5.8(목) 원하시는 날 정해서 알려주시면 됩니다.(평일만 가능)장소: 성동구 지역(어르신 가정)모집인원: 총 00명많은 관심과 참여부탁드릴게요 : )옥수재가노인지원센터 천영주 070-8110-3830* 모집글 상시 확인이 어려워 문의 및 신청은 전화로 부탁드릴게요~~※ 자원봉사희망자 정보는 신청자와 관리센터만 볼 수 있습니다.(로그인 필요)"
밑반찬 배달봉사,강원,춘천시,공통,1. 봉사일자 : 2019-04-12~2019-12-312. 봉사장소 : 춘천북부노인복지관 인근(우두동)3. 봉사내용 : 밑반찬 배달봉사4. 활동시간 : 10:00-11:00춘천북부나눔재가노인센터에서 밑반찬 배달 봉사자를 모집합니다.우두동 지역의 어르신들께 배달하는 활동으로 자차를 소유하신 분들의 많은 관심 바랍니다. 활동 기간은 담당자와 상의 후 조율 가능하오니 연락 바랍니다.문의 및 신청) 춘천북부노인복지관 김희란 사회복지사 033-255-9877 ※ 자원봉사희망자 정보는 신청자와 관리센터만 볼 수 있습니다.(로그인 필요)
[원주가톨릭종합사회복지관] 어르신 나들이 보조,강원,원주시,여,원주가톨릭종합사회복지관에서는 어르신 나들이 보조 봉사자를 모집하고 있습니다.- 활동 기간 : 2019년 4월 19일 13시~17시- 활동분야 : 어르신 나들이 보조- 봉사장소 : 원주시 허브팜 (복지관에 집결 후 차량이동 예정)- 봉사대상 : 65세 이상 여자어르신 5~6명- 모집인원 및 성별 : 여자 봉사자 2명 * 문의 및 신청 : 원주가톨릭종합사회복지관 서비스제공팀 최광수 사회복지사 (033-744-6617) ※ 자원봉사희망자 정보는 신청자와 관리센터만 볼 수 있습니다.(로그인 필요)
프로그램 보조,서울,종로구,공통,1. 봉사일자 : 2019-04-11~2019-06-202. 봉사장소 : 청운양로원3. 봉사내용 : 프로그램 보조※ 자원봉사희망자 정보는 신청자와 관리센터만 볼 수 있습니다.(로그인 필요)
[도시락지원사업] 도시락배달봉사,인천,부평구,공통,"부평중부종합복지관에서는 도시락배달을 도와주실 봉사자분들의 따듯한 손길이 필요합니다! 활동내용 : 도시락배달활동일시 : 월~금 중 주 1회 이상 선택가능활동시간 : 9:00~12:00활동장소 : 부평중부복지관, 부평일대봉사내용 : 도시락이 필요한 가정에 도시락배달모집인원 : 3명신청방법 : 아래 복지관 연락처로 전화 문의 주시길 바랍니다! 담당자 강소연 사회복지사 /  032)528-4020 ※ 자원봉사희망자 정보는 신청자와 관리센터만 볼 수 있습니다.(로그인 필요)"
"[홀트복지관] 무료급식 조리,세척 봉사자모집",대구,수성구,공통,"저소득 독거어르신 및 장애인, 결식아동 무료급식 조리,세척 봉사자 모집-모집대상 : 19세 이상 성인 누구나-모집인원 : 5명 정도-모집기간 : 모집 완료 시 까지-활동일시 (월1회 활동) : 월,화,수,목,금 중 매월 1회 활동 (09:00~12:00)-활동내용 : 무료급식 도시락 조리 및 세척-봉사신청방법 : 전화 및 방문 접수 (053-746-7501 / 이다겸 사회복지사)※ 자원봉사희망자 정보는 신청자와 관리센터만 볼 수 있습니다.(로그인 필요)"
"부산 동구지역 내 독거어르신 가정방문 및 말벗, 가사지원 봉사자모집",부산,동구,공통,"제     목 : 부산 동구지역 내 독거어르신 가정방문 및 말벗, 가사지원 봉사자모집모집대상 : 자원봉사자 50명활동장소 : 부산 동구 지역 내 대상자 집활동일시 : 대상자와 봉사자가 협의한 날짜 (정기적인 것이 아니고 한달에 한번이든 두번이든 대상자와 날짜를 협의합니다. )활동내용 : 말벗지원, 가사지원, 복지정보 전달활동문의 : 자성대노인복지관 허정훈 사회복지사* 꼭 문자로 연락주셔야 합니다.* 2인1조 권장입니다. 1인 활동 불가능합니다.연락처 : 051-632-7597 / 010-3756-3116(문자연락)※ 자원봉사희망자 정보는 신청자와 관리센터만 볼 수 있습니다.(로그인 필요)"
어르신 봄나들이(아침고요수목원) 봉사자 모집합니다^^,서울,서초구,공통,"안녕하세요~? 까리따스방배종합사회복지관에서 어르신 프로그램 참여하는 어르신을 대상으로  봄 나들이 활동 보조 모집합니다.아래 사항을 확인해 보시고 많은 지원 부탁드립니다^^1. 봉사자 대상 : 대학생,휴학생, 직장인 등 활동 보조, 나들이 전반 보조 가능자2. 봉사자 모집인원 : 2명3. 어르신 참가예상인원 : 80명4. 대상 : 어르신 프로그램 참여 어르신(60세 이상)5. 일시 및 장소 : 2019년 04월 24일(수), 아침고요수목원 (경기 가평군 상면 수목원로 432)6. 시간 : 09:00 ~ 16:00 (7시간 소요) 9시에 집결하여 출발하기 때문에 , 8시30분에 오셔서 업무분장 후 진행하시면 됩니다!!7. 활동계획 : 복지관 > 아침고요수목원 > 복지관 (점심식사 제공)8. 활동내용 : 말벗서비스, 전반적인 활동에 대한 보조9. 기타문의 : 02-522-6004 김나은 사회복지사 에게 연락주세요~~※ 자원봉사희망자 정보는 신청자와 관리센터만 볼 수 있습니다.(로그인 필요)"
★2019년 멘토링 프로그램 자원 봉사자 추가 모집★ 부산서부아동보호전문기관 ,부산,북구,공통,"부산서부아동보호전문기관에서는 학대피해아동의 안정적인 성장을 지원하기 위하여 멘토링 자원봉사자를 모집합니다.■ 모집기간 : 2018.09.21. 까지■ 모집대상 : 북구, 강서구, 사상구에서 매주 1회 정기적으로 봉사활동이 가능한 부산 지역 내 대학생■ 모집인원 : 10명■ 활동기간 : 2019.12.31.까지■ 활동일시 : 멘티와 상의 하여 일정조율 후, 주 1회 활동■ 활동장소 : 부산시 사상구, 북구, 강서구■ 활동내용 : 주 1회 학습지도, 진로 및 고민상담, 정서안정지도, 문화체험활동 등 멘티와 상의 후 결정월 1회 간담회■ 신청방법 : VMS 신청 혹은 유선신청■ 문의사항 : ☎. 051)711-1391로 전화주세요(담당자 : 김혜민 상담원) ※ 자원봉사희망자 정보는 신청자와 관리센터만 볼 수 있습니다.(로그인 필요)"
야외활동 보조,서울,강남구,공통,"*모집안내: 매주 금요일 야외활동시 보조자를 구합니다(박물관 관람, 비누만들기, 공원산책 등~)날짜는 시설과 조율하여 변경하실 수 있습니다. *정기, 비정기 모두 모집!!   *시간: 13:00~16:00 (시간조절가능) *주소: 해마을주간보호센터 위치 : 3호선 대청역 7번출구. 강남우체국 뒷건물 강남구건강가정지원센터 내 1층에 위치*문의: 해마을주간보호센터 02)3412-7747 직통번호 : 김단비사회복지사 010-5523-1453 ※ 자원봉사희망자 정보는 신청자와 관리센터만 볼 수 있습니다.(로그인 필요)"
컴퓨터 교실 수업보조 자원봉사자 모집,대전,동구,공통,"장소 : 대전 동구 용운로 110 용운종합사회복지관 2층 최신정보화실대상 : 60세 이상 지역사회노인 10~20명시간 : 매주 목요일 10시~12시내용 : 컴퓨터 수업시 질의응답 보조자격 : 컴퓨터 기초 상식 함양, 컴퓨터 기본 프로그램 활용가능문의 : 교육문화담당자 김윤관 사회복지사 042)284-5717※ 자원봉사희망자 정보는 신청자와 관리센터만 볼 수 있습니다.(로그인 필요)"
성내종합사회복지관 이동목욕 자원봉사자 구인,서울,강동구,남,#NAME?
장애인 치과진료 이동 보조활동,대구,달서구,공통,상록뇌성마비복지관에서는 지역사회 장애인 및 소외계층을 위하여 YWCA 착한 치과와 연계하여무료 치과진료 사업을 실시 하고 있습니다.치과 진료를 편안 하게 받을 수 있도록 휠체어 이동 및 이동보조의 역할을 도와 주실 봉사자분을 꾸준히 모집 하고 있으니봉사자 여러분들의 많은 관심과 참여 부탁드립니다 ^^ - 활동 내용: 장애인 치과진료 이동 보조활동- 활동 대상: 장애인 및 소외계층- 활동 장소: 대구 YWCA 치과 [ 대구 남구 현충로 64 ] - 활동 기간: 2019년 4 ~ 12월 까지 수시 모집- 활동 날짜: 월 1~2회 - 정확한 날짜 담당자 문의- 활동 시간: 화요일 14:00 ~ 16:00전화문의: 상록뇌성마비복지관 기획운영지원팀 - 최근수 [ 070-7815-9204 / 053-382-0960 ]※ 자원봉사희망자 정보는 신청자와 관리센터만 볼 수 있습니다.(로그인 필요)
아름다운 푸드뱅크 포터Ⅱ(1종) 운전 봉사자 모집(빵 푸드),울산,중구,공통,"사단법인 21세기울산공동체운동에서 운영중인 아름다운 푸드뱅크에서는잉여식품을 활용하여 지역 내 경제적으로 어려움을 겪고 있는대상자들에게 기부식품을 제공하고 있으며,서비스의 원활한 업무 수행을 위하여 차량 운행 자원봉사자를 모집하고 있습니다.많은 관심과 참여 바랍니다^^ *일 시: 2019년 04월 02일 ~ 12월 31일/매주 수요일*출발지 : 아름다운 푸드뱅크(울산 중구 반구2동 442-2번지 5층)*봉사활동 시간: 14시경 ~ 16시 30분경(시간 조정 가능)*내 용: 매주 수요일 기탁처(제과점) 방문 기부식품 수령 및 이용자 배분*문 의: 052-292-1365*비 고: 냉동탑차 또는 아반때 차량 운행 / vms 봉사 실적 제공/ 운전 봉사활동만 해주시면 되고 수령 및 배분은 사회복무요원들이 합니다. ※ 자원봉사희망자 정보는 신청자와 관리센터만 볼 수 있습니다.(로그인 필요)"
[강남종합사회복지관]어르신 도시락 배달 자원봉사자 모집,서울,강남구,공통,"안녕하세요 :)강남종합사회복지관에서 대치1단지에 거주하시는 어르신들께 도시락을 전달할 봉사자를 모집하고 있습니다.○ 일자 : 2019년 4월 29일(월)  * 연락주셔서 원하시는 날짜 선택하시면 됩니다.○ 시간 : 오전 09:00 ~ 11:00 / 10:00 ~ 12:00 중 선택○ 장소 : 강남종합사회복지관 인근 도보 3분 이내 대치아파트 1단지  * 분당선 대모산입구역, 3호선 대청역 인근○ 봉사내용 : 지역 내 저소득 어르신댁에 도시락을 전달함. ○ 문의 : 사례관리팀 박건우(070-5068-2137)자세한 문의는 전화 부탁드립니다.※ 자원봉사희망자 정보는 신청자와 관리센터만 볼 수 있습니다.(로그인 필요)"
어르신 봄나들이 활동보조 봉사자 모집합니다,서울,서초구,공통,"까리따스방배종합사회복지관에서 사례관리 및 보호서비스 어르신(취약계층) 봄 나들이 활동 보조 봉사자를 모집합니다.1. 일시 : 2019년 4월 25일 목요일 8시 30분 ~ 18시2. 장소 1) 집결 → 까리따스방배종합사회복지               (서울 서초구 남부순환로 2124)  2) 나들이 장소   - 민머루 해변 : 인천광역시 강화군 삼산면 매음리   - 물레방아 식당(점심식사) : 인천광역시 강화군 삼산면 삼산남로828번길 26   - 아르미애월드 : 인천광역시 강화군 불은면 중앙로 742-23. 모집인원 : 10명4. 모집대상 : 대학생, 휴학생, 직장인5. 활동내용 : 나들이 진행 시 어르신 관람, 체험활동 등 보조, 어르신들의 말벗 역할 수행, 거동이 불편한 어르신, 장애인 등에게 휠체어 동행 어르신 봄나들이를 위해 많은 지원 부탁드립니다~^^!!문의사항은 02-522-6004 김영은 사회복지사 로 문의 주시기 바랍니다. 감사합니다.※ 자원봉사희망자 정보는 신청자와 관리센터만 볼 수 있습니다.(로그인 필요)"
독거어르신께 따뜻한 온정을 드릴 주말 봉사자를 모집합니다.,서울,관악구,공통,"요양보호사 선생님의 손길이 닿지 않는 매주 일요일, 봉천우성아파트에 거주하시는 독거어르신에게 따뜻한 온정을 드릴 봉사자 분을 기다립니다. 방문하셔서 식사 도움, 청소 및 주변정리, 말벗 등이 필요하며 정기적으로 봉사해주실 분으로 구하고 있습니다.어르신과의 만남이 값진 경험이 되어 보람을 느끼시기를 바라며 많은 참여 부탁드립니다.신청 후 센터 (02-889-3365) 로 연락주시면 자세히 설명해드리겠습니다. 감사합니다^^※ 자원봉사희망자 정보는 신청자와 관리센터만 볼 수 있습니다.(로그인 필요)"
월드비전 꿈디자이너 자원봉사자 모집,경기,오산시,공통,꿈꾸는아이들 꿈디자이너 자원봉사자 모집오산종합사회복지관에서는 월드비전 지원 꿈꾸는아이들 꿈디자이너 사업을 진행하고 있습니다.열정과 의지가 있으며 아이들을 사랑하는 분이면 참여가능합니다.많이 신청해주세요^^1. 활동일정 : 2019년 4월 ~ 12월 / 매월 1회 진행(주말-토요일 또는 평일)2. 활동장소 : 복지관 또는 야외활동(기관방문 하여 직업인 인터뷰 및 기관라운딩)3. 모집인원 : 대학생 및 일반인 0명 / 남4. 모집분야 : 참여아동 1:1 매칭하여 진행됨(멘토링)5. 기타사항*봉시기간은 2019년 4월부터 12월까지 정해져있으나 장기적으로 자원봉사활동 하실 분*주로 야외활동으로 진행될 예정이며 야외활동 시 동행하게 됨6. 문의사항 : 오산종합사회복지관 사무실 (031-378-2740)※ 자원봉사희망자 정보는 신청자와 관리센터만 볼 수 있습니다.(로그인 필요)
[구립영등포노인복지센터] 독거어르신 말벗 자원봉사자 모집,서울,영등포구,공통,"구립영등포노인복지센터에서는 독거어르신을 위하여 말벗 자원봉사자를 모집합니다!활동 기간: 3개월 이상, 평일 또는 주말(봉사자님들의 스케줄에 맞춰 시간 자유롭게 조정 가능)활동 방법: 어르신과 연락을 통한 일정 조율 후 어르신댁에 방문하여 말벗봉사 진행활동 지역: 영등포구 신길4동문의사항은 02-2631-3212로 연락주시기 바랍니다.많은 신청 부탁드립니다^^※ 자원봉사희망자 정보는 신청자와 관리센터만 볼 수 있습니다.(로그인 필요)"
독거노인 반려식물 관리 및 안부확인,제주,제주시,공통,"1. 사업목적- 고령화, 핵가족화 등으로 인해 독거노인 가구가 증가함에 따라 심신안정을 위한 원예치료를 통해 정서적 안정 및 치매예방에 도움을 드리고자 함.- 사회적 관계망이 단절돼 고독사 위험에 노출된 노인세대에 대한 지역사회 돌봄 체계 구축 및 공동체성 회복.2. 사업개요- 봉사기간 :  2019. 5월 ~ 2019. 11월(자세한 날짜는 추후 공지)- 봉사대상 :  독거노인(봉사자 1명당 독거노인 두 분 방문관리/ 아라주공아파트 단지내활동)- 모집인원 :  15명- 봉사내용 :  원예치료 교육을 같이 받은 후 격주 1회 또는 매주 1회 독거노인 가정을 방문하여 반려식물을 관리(햇빛 쬐이기, 물주기, 영양분 챙겨주기 등)해주고 안부 확인하기.                 (1회(2명) 방문시마다 봉사시간 2시간 인정)- 추진일정교육일정교육내용2019. 5월- 우울증 척도진단- 반려식물 꾸미기 및 원예치료 교육2019. 8월- 반려식물 관리 중간점검- 원예치료 교육2019. 11월- 반려식물 키우기 참여 만족도 조사- 원예치료 교육※ 자원봉사희망자 정보는 신청자와 관리센터만 볼 수 있습니다.(로그인 필요)"
만평주민도서관 자원봉사자 모집,대구,서구,공통,"지역의 작은도서관인 만평주민도서관에서 자원봉사자를 모집합니다:)-활동일시 : 2019.04.10(월)부터~ 월,화,수,목,금 오전10시~5시>활동가능하신 날짜 조정가능합니다! / 주말과 공휴일은 쉽니다.-활동내용 : 도서관 프로그램 업무보조, 서가정리, 청소 등-활동장소 : 만평주민도서관(대구 서구 서대구로66길 28 1층)팔달시장역인근, 인지초등학교 인근-활동문의 및 신청: 053)356-0465 /> 정진아 팀장 010-8986-8755 (신청은 문자나 전화가 아니면 불가합니다. 사이트 신청은 확인이 어려우니 꼭!!! 문자나 전화부탁드려요~!)  저희 도서관은 지역주민과 함께하는 작은도서관으로,인지초등학교 인근에 위치 해, 주 이용대상이 아동입니다.아이들과 책을 좋아하는 많은 분들의 참여 기다리겠습니다※ 자원봉사희망자 정보는 신청자와 관리센터만 볼 수 있습니다.(로그인 필요)"
우정사업본부가 주최하는 장애가정아동 '성장-mentoring' 멘토 추가모집합니다~,인천,계양구,공통,관심갖고 신청 바랍니다~ 문의도 환영합니다♡※ 자원봉사희망자 정보는 신청자와 관리센터만 볼 수 있습니다.(로그인 필요)
영양죽 배달 자원봉사자 모집,경남,창원시,공통,진해노인통합지원센터에서 자원봉사자를 모집합니다.일자: 2019년 4월 25일 오후 3시장소: 진해종합사회복지관 집결 후 진해전역내용: 어르신 가정에 영양죽 배달 활동* 자가 차량으로 활동이 가능한 분이 필요합니다* ※ 자원봉사희망자 정보는 신청자와 관리센터만 볼 수 있습니다.(로그인 필요)
성인 발달장애인 일일나들이 프로그램 자원봉사자 모집,충북,청주시,공통,"안녕하세요. 우리누리주간보호센터에서는 성인발달장애인의 일일나들이 프로그램으로 경기도 이천시 우무실마을 여행을 진행하고자 합니다.원활한 여행이 될 수 있도록 아래와 같이 자원봉사자를 모집하고자 하오니 많은 참여 바랍니다.-아 래 - 모집인원 : 6명신청자격 : 남녀 누구나 (20세 이상에 한함) 활동내용 : 이용자 일상생활지원 및 케어, 활동지원 등 활동일시 : 2019. 4. 19 /금/ (9시~17시)신청방법 : 전화문의 후 내방 문의전화 : 043-272-5262* 비용은 기관에서 부담함※ 자원봉사희망자 정보는 신청자와 관리센터만 볼 수 있습니다.(로그인 필요)"
[서초중앙]밑반찬 포장 및 배달 봉사,서울,서초구,공통,"[서초중앙] 저소득 독거어르신지원 밑반찬 포장 및 배달 활동서초중앙노인종합복지관에서는 저소득 독거어르신들을 대상으로 실시하고 있는 밑반찬 사업의 업무를 보조해주실 봉사자분들을 모집하고 있습니다.1) 일 시: 2019년 02월 ~ 12월 매주 화, 금 13:30~16:30(3시간)2) 업 무: 서초구 내 거주하고 계신 저소득 독거어르신들을 위한 밑반찬 포장 및 배달3) 인 원: 0명4) 자 격: 20세~50세5) 장 소: 복지관 2층 경로식당, 어르신가정6) 주 소: 서울특별시 서초구 서초동 1666-17 (교대역 1번, 13번 출구 100m)★ 문 의: 02)3474-6080 (070-7163-2465) 김예진 사회복지사 많은 관심과 참여를 기다립니다. *담당자와 유선연락이 되어야 신청완료임을 알려드립니다.※ 자원봉사희망자 정보는 신청자와 관리센터만 볼 수 있습니다.(로그인 필요)"
이미용봉사자를 모집합니다.,인천,미추홀구,공통,1. 봉사일자 : 2019-03-28~2019-12-312. 봉사장소 : 햇살누리요양센터3. 봉사내용 : 이미용봉사자를 모집합니다.※ 자원봉사희망자 정보는 신청자와 관리센터만 볼 수 있습니다.(로그인 필요)
실비지원 자원봉사자 모집,서울,마포구,공통,"실비지원 자원봉사자 모집 - 활동내용 : 어르신들의 일상생활에 도움을 드리기 위해 가사지원, 병원동행, 목욕도움, 심부름, 말벗 등의 활동지원 - 활동시간 : 1가구당 2시간 이내(주1회 활동) - 활동대상 : 일상생활에 어려움이 있는 어르신 - 활동경비 : 시간당 5,000원 지원※ 자원봉사희망자 정보는 신청자와 관리센터만 볼 수 있습니다.(로그인 필요)"
"제1회 함께하는 즐거움, 빛나는 인생 나눔으로 시작해",서울,강북구,공통,"봉사활동은 5월11일 토요일 하루 입니다.착오없으시기 바랍니다. 제1회 함께하는 즐거움, 빛나는인생 나눔으로시작해 나벤져스1기 봉사단 모집합니다^^소외된 이웃들을 위해 물품전달, 사랑나눔 캠페인입니다보내주신 후원금은 기부영수증 발행이 가능하며연말정산 소득공제가 가능하십니다^^참여해주신 자원봉사자 분들의 선물도 준비되어 있습니다!* 5월 11일 토요일 9시~13시까지 진행* 선착순 100명 (후원, 신청 완료 하신분)* 후원계좌 100-028-636564 나눔코리아 (신한은행) / 입금시 나벤져스1기 작성부탁드립니다!* 5월 1일 수요일 오후 3시까지 신청! (5월 1일 이후는 환불 불가한점 양해부탁드립니다)* VMS신청자는 후원, 신청 완료후 연락주시면 선정되십니다^^* VMS봉사활동 시간 인정 가능! (4시간 인정)* 선착순이니 후원, 신청전에 먼저 연락 주세요!* 나눔코리아 홈페이지에서도 신청하는 경우 봉사참여하기 → 달력클릭 →5월 11일 클릭 → 기타요청사항에 나벤져스1기 적어주세요^^* 선착순 100분께는 모집 마감되는 5월 1일 수요일 오후 6시이후 일괄적으로 문자발송 해드립니다^^나눔코리아 홈페이지: http://www.nanoomkorea.or.kr/대표전화: 02-992-8904사랑의전화: 080-414-1004담당자연락처: 010-7797-3133담당자: 조재민 대리※ 자원봉사희망자 정보는 신청자와 관리센터만 볼 수 있습니다.(로그인 필요)"
도시락 배달 정기 자원봉사자 모집(저소득어르신댁 방문),부산,연제구,공통,"도시락 배달 정기 자원봉사자 모집안녕하십니까. 부산광역시노인종합복지관 사회복지사 김혜진입니다.본 복지관의 식사배달사업을 도와주실 정기 자원봉사자를 모집하오니,많은 관심과 참여 부탁드립니다. ^0^* 활동일시 : 주1회 / 매주 월, 화, 목, 금요일 11:00~12:30 중 택1* 활동내용 : 복지관 차량(경차 : 마티즈, 스파크)으로 어르신댁 5곳을 방문하여 도시락을 전달함  * 활동장소 : 부산광역시노인종합복지관(연제구 거제천로230번길 18) 및 연산동 일대(어르신댁 5곳) * 중식제공 및 자원봉사활동 인증서 발급 가능(vms)  참여 가능하신 분은 'VMS홈페이지에 바로신청' 또는 '아래의 번호로 전화 또는 문자' 주시면 감사합니다.   사회복지사 김혜진 (051-853-1872~4 / 010-6708-8090)※ 자원봉사희망자 정보는 신청자와 관리센터만 볼 수 있습니다.(로그인 필요)"
"저소득독거 어르신을 위한 식사배달 차량봉사자 모집 ""사랑의 뛰뛰빵빵""",경남,창원시,공통, 우리지역의 홀로 지내시는 재가 독거 어르신들께  사랑과 정성이 가득 담긴 도시락을 매일 오전 전달해 드리고 있습니다. 외롭고 소외된 어르신들에게 따뜻한 미소와 영양이 듬뿍 담긴 사랑의 도시락을 전하며 나눔의 행복을 함께 해 주실 우리지역 자원봉사자님의 도움을 기다립니다.* 봉사시간 : 평일 오전 10:30~12:30* 배달지역 : 창원시 의창구 일대* 참여방법 : 봉사활동 일정 계획시 희망일 지정                  정기/ 비정기(월 1~ 2회 가능)* 상세문의 : 055)299-2233※ 자원봉사희망자 정보는 신청자와 관리센터만 볼 수 있습니다.(로그인 필요)
[목동실버데이케어센터] 봄 나들이 동행보조 자원봉사자 모집,서울,양천구,공통,"목동실버데이케어센터에서는 사회적응활동의 일환으로 어르신 간 단합을 도모하고 긍정적인 유대감 및 관계를 형성하고자 봄 나들이를 계획하고, 어르신들과 동행할 자원봉사자를 아래와 같이 모집합니다.- 아 래 -1. 사업내용 : 서울대공원 동물원 관람 어르신 1:1 동행(휠체어 이동)2. 사업기간 : 2019. 04. 19.(금) 10:00~16:303. 사업장소 : 목동실버복지문화센터 집결 후, 서울대공원(경기도 과천시 대공원광장로 102) 대형버스 이동 * 주말 및 공휴일에는 운영하지 않습니다.* 점심식사, 봉사확인서 발급 가능합니다~!* 문의: 목동실버데이케어센터 김보라 팀장(02-2647-3356)* 비고: 20세 이상 성인남녀만 신청가능(청소년 불가)* 신청 후, 목동실버데이케어센터(02-2647-3356)로 꼭 연락주세요!- 담당자 : 김보라 팀장- 주 소 : 서울시 양천구 목동중앙로3길 21(목4동 765-1)※ 자원봉사희망자 정보는 신청자와 관리센터만 볼 수 있습니다.(로그인 필요)"
★1:1 초등학생 멘토링 멘토를 모집합니다 :)★,서울,강북구,남,"안녕하세요! 서울 강북구 번3동에 위치한 번동3단지종합사회복지관입니다.초등학교 5학년 남자아동의 1:1 멘토링을 위해 멘토분을 구하고 있습니다 :)1. 기간 : 19.04~19.08 약5개월 간(예상)2. 횟수 : 주1회(평일/주말/시간은 협의)3. 내용 : 교육지원, 특별활동, 정서적 지원4. 자격요건 : 5개월간 주1회 멘토링이 가능하며, 초등학교 저학년 수준의 국어/수학지도가 가능한 남자 대학생열정있는 대학생 분들의 많은 관심과 지원 부탁드립니다! 감사합니다.※ 자원봉사희망자 정보는 신청자와 관리센터만 볼 수 있습니다.(로그인 필요)"
서대문장애인종합복지관_행복돌봄밥상,서울,서대문구,공통,"서대문장애인종합복지관에서는 지역사회 내 저소득 고령장애인의 건강한 인생설계를 위한 '행복돌봄밥상'을 진행합니다. 이에 지역 내 고령장애인의 건강한 삶 지원 및 사회적 돌봄 실현에 함께 할 전문돌봄지원단을 모집하고자 하오니 많은 참여 부탁드립니다.  가. 모집내용 : 전문돌봄지원단 모집 나. 활동내용 : 고령장애인 가정에 방문하여 교육내용 지원 및 반찬전달 다. 교      육 : 월 1회 손마사지, 안마 교육 진행(고령장애인 가정에서 배운내용 진행하고자 함.) 라. 활      동 : 주 1회 완성된 건강식 전달 및 말벗서비스 실시(1인당 고령장애인가정 2인방문/서대문구 내/일정 및 시간 조율가능) 마. 혜      택 : 봉사시간 등록 및 월 2만원 활동비 지원* 문의사항 있을시 02.3140.3046(이수형 사회복지사) 문의바랍니다.** 신청하시고 전화연락 부탁드립니다.※ 자원봉사희망자 정보는 신청자와 관리센터만 볼 수 있습니다.(로그인 필요)"
2019 대학생 1학기 사회봉사 모집,서울,강서구,공통," 가양4복지관에서는 학기별 대학생 사회봉사 교과목 이수 학생들의 활동을 모집하고 있습니다.  활동처를 자유롭게 선택하시는 학생분들은 평일 오전 활동이 가능한 경로식당 활동에 참여해주시면 감사하겠습니다.1)일 시 : 수, 금 (09:30-12:30)2) 장 소 : 서울시 강서구 가양2동 가양4종합사회복지관 1층 사랑채(경로식당)3) 활동내용 : 어르신 식사서빙, 도시락 포장 및 배달4) 기 타 : 주 1회 (중간&기말고사 제외)5) 문 의 : 서비스제공팀 박소영 사회복지사, 070-4338-4130 (오전9시~오후 6시)6) 신청방법 : VMS 신청 후 전화접수 하셔야 합니다.   ※ 자원봉사희망자 정보는 신청자와 관리센터만 볼 수 있습니다.(로그인 필요)"
청소년 동아리 '동그리' 활동보조 대학생 봉사자 모집 ,서울,송파구,공통,"1.담당자 성명 : 김희진 사회복지사담당자 연락처(연락시주의사항및 연락가능시간) : 02-421-6077 (월~금 09:00~18:00 연락가능)2.봉사활동세부내역청소년 봉사 동아리 '동그리' 활동보조 봉사활동입니다.동그리는 청소년이 직접 자원봉사활동과 캠페인을 계획하고, 이를 실제로 진행함으로써 지역사회 내 나눔문화를 확산하는 목표를 가지고있습니다.이를 위해, 정기회의를 통해 봉사활동, 캠페인 준비하고, 실제로 자원봉사활동과 캠페인을 진행하게 됩니다. 또한, 봉사활동에 도움이 될 교육과 친목을 다지기 위한 야외활동도 계획중에 있습니다.다양한 활동을 청소년 주도로 수행해야하나 청소년의 특성상 의견제시가 적기 때문에 저희가 목표하는 바로 청소년들과 함께 나아가주실 봉사자를 구하고 있습니다. 즐겁고 재미있게 할 수 있는 봉사활동을 지향하고 있으니 부담없이 신청해주세요.3. 봉사신청 참고사항대학생 봉사자만 참여신청 가능합니다^^결석없이 성실하게 참여가능하실경우 꼭꼭 신청해주세요.혹 전일정이 어려울경우 3개월 이상 가능하시면 신청해주세요.다만, 전일정 참여가능하신 봉사자가 우선입니다.^^※ 자원봉사희망자 정보는 신청자와 관리센터만 볼 수 있습니다.(로그인 필요)"
자립지원,서울,은평구,공통,"50대 지적장애인이 살고 있는 자립생활 주택에서 지원해주실 분을 구합니다.스스로 목욕, 식사 등 신변처리가 가능한 장애인이기에 특별한 봉사내용은 없고 그냥 함께 생활만 하면 됩니다.그렇기 때문에 TV를 보셔도 되고, 컴퓨터를 해도 되고, 공부할 것을 가져와서 공부해도 되고...봉사자분의 방도 마련되어 있고 방안에 침대, 책상도 있고 와이파이도 됩니다.다만 장애인이 여성이기에 여성봉사자를 구합니다.연령제한은 없습니다.봉사시간은 평일입니다.※ 자원봉사희망자 정보는 신청자와 관리센터만 볼 수 있습니다.(로그인 필요)"
기초영어 학습봉사,서울,은평구,공통,"봉 사 명 : 기초학습 봉사(기초영어)봉사지역 : 은평구(불광동, 신사동)봉사대상 : 성인발달장애인 47세 남자봉사내역 : 학습 봉사          영어(기초영어)활동주기 : 매주 1~2회(평일 오전 10시 부터 11시 혹은 11시30분 까지 또는 토요일 )담 당 자 : 박민규 (연락처 010-8572-7709)※ 자원봉사희망자 정보는 신청자와 관리센터만 볼 수 있습니다.(로그인 필요)"
[본리종합사회복지관]따뜻한 반찬나눔 배달 봉사자 모집 ,대구,달서구,공통,"본리종합사회복지관에서는 매주 따뜻하고 맛깔나는 밑반찬을 조리하여 식생활에 어려움을 겪는 이웃들에게 전달하고 있습니다.이에 사랑가득한 밑반찬을 전달해 주실 아름다운 손길을 모집합니다.- 일시 : 매월 셋째주 수요일 14:00~16:00- 내용 : 자차를 통하여 밑반찬 직접배달- 참고사항 : 자차 필수이며, 유류비 지원 불가- 담당자 : 사례관리팀 백성윤 사회복지사신청 후 복지관으로 연락 부탁 드리겠습니다. ※ 자원봉사희망자 정보는 신청자와 관리센터만 볼 수 있습니다.(로그인 필요)"
[본리종합사회복지관]따뜻한 반찬나눔 배달 봉사자 모집 ,대구,달서구,공통,"본리종합사회복지관에서는 매주 따뜻하고 맛깔나는 밑반찬을 조리하여 식생활에 어려움을 겪는 이웃들에게 전달하고 있습니다.이에 사랑가득한 밑반찬을 전달해 주실 아름다운 손길을 모집합니다.- 일시 : 매월 둘째주 금요일 14:00~16:00- 내용 : 자차를 통하여 밑반찬 직접배달- 참고사항 : 자차 필수이며, 유류비 지원 불가- 담당자 : 사례관리팀 백성윤 사회복지사신청 후 복지관으로 연락 부탁 드리겠습니다.  ※ 자원봉사희망자 정보는 신청자와 관리센터만 볼 수 있습니다.(로그인 필요)"
굿네이버스 서울중부지부 학습멘토 모집,서울,종로구,공통,"*모집분야 : 학습 멘토링*모집대상 : 무관*활동내용 : 특성화고등학교 2학년 영어, 수학 기초학습, 공부방향 지도 가능한 자*활동기간 : 6개월 이상 (주 1회, 조정가능)*활동시간 : 평일 18시 이후 또는 주말(활동시간은 멘티, 담당자와 협의)*활동장소 : 은평구, 종로구*활동혜택 : VMS 자원봉사실적입력*신청방법  및 문의1. VMS 신청 후 전화연락(02-3157-1391) 2. 굿네이버스 서울은평아동보호전문기관(http://eunpyeong.goodneighbors.kr/)홈페이지 내 '공지사항-자원봉사자 모집 게시글'에서 신청서 작성 후 이메일 (hpark1@gni.kr) 발송.문의: 굿네이버스 서울중부지부 박혜림 간사 (02-3157-1391)※ 자원봉사희망자 정보는 신청자와 관리센터만 볼 수 있습니다.(로그인 필요)"
재능기부(피아노 수업 가능 자),인천,부평구,공통,해피홈보육원에서 피아노 수업을 해주실 봉사자를 찾고 있습니다.- 일시 : 일주일에 2번(주중 또는 주말) > 추후 논의 후 변경 가능- 장소 : 해피홈보육원 피아노실- 대상 : 고3(남) 아동 > 피아노를 전혀 배운적이 없음- 연락처 : 032)518-2080- 담당자 : 정경희 사회복지사※ 자원봉사희망자 정보는 신청자와 관리센터만 볼 수 있습니다.(로그인 필요)
"2019년 독거장애노인 심리, 정서 지원프로그램 다섯손가락 자원봉사자 모집",부산,북구,공통,"2019년 독거장애노인 심리·정서 지원프로그램 다섯손가락 어르신들과 함께할 봉사자를 모집합니다~^^나. 자원봉사자 모집 세부내용1) 모집인원 : 총 20명 2) 활동기간 : 2019년 03월 ~ 12월- 월 1회 활동으로 일시 선택가능! 3) 활동장소 : 화정종합사회복지관 및 연계 독거장애노인 가정4) 주요활동- 너나들이 활동, 말벗, 외식지원, 나들이 등 장애노인과의 심리·정서 지원 활동 진행- 자원봉사자와 장애노인과의 연계를 통해 월별 주제에 따른 만들기 활동 협동 수행 5) 지원내역 : 자원봉사시간 발급 6) 신청기간 : 2019년 03월 20일(수) ~ 3월 29일(금) 7) 신청방법 : VMS 홈페이지 또는 유선 신청 8) 문 의 : 사회복지사 경효빈 (☎070-4336-0251). 끝.          ※ 자원봉사희망자 정보는 신청자와 관리센터만 볼 수 있습니다.(로그인 필요)"
도봉서원종합사회복지관 - 도시락 밑반찬배달 봉사자 모집,서울,도봉구,공통,"안녕하세요. 도봉서원종합사회복지관입니다. 어르신 가정 도시락 및 밑반찬 배달 봉사자를 아래와 같이 모집합니다. 1. 도시락배달- 일시 : 월~금 11:00~12:00 - 내용: 복지관 6층 앞에서 도시락 배분, 자원봉사자 출석부 작성 후 해당 가정으로 배달: 배달일지 확인하여 어르신 각 가정에 배달하면서 빈 도시락 회수  : 복지관 4층 경로식당으로 빈 도시락 반납. 2. 밑반찬 배달- 일시 : 화, 목 16:00~18:00 (시간내 1시간)- 내용: 복지관 6층 사무실 앞에서 담당 사회복지사 밑반찬 배분: 배달일지 확인하여 어르신 가정에 배달: 배달일지 6층 사무실 제출 및 자원봉사자 출석부 작성 * 성별 무관하며 청소년의 경우 중학교 2학년 이상 신청 가능합니다. * 어르신 가정 배달이므로 최소 6개월 이상 지속할 자원봉사자를 모집합니다. 감사합니다.  ※ 자원봉사희망자 정보는 신청자와 관리센터만 볼 수 있습니다.(로그인 필요)"
어르신 효나들이 지원,서울,강남구,공통,"어르신 효나들이는 신체기능의 어려움으로 나들이 기회가 적은 어르신들을 대상으로지역 내의 택시 봉사단과 함께 나들이를 진행하는 활동입니다.택시를 타고 이동하여, 보다 안전하고 편안하게 나들이를 가실 수 있도록 지원하고 있습니다.- 봉사일시: 2019년 5월 9일(목) 8시 ~ 18시(총 10시간)- 봉사장소: 강남종합사회복지관, 나들이 장소- 봉사내용   * 어르신 접수 및 식전행사 지원   * 차량(택시) 탑승 지원 및 이동   * 점심식사 세팅 및 어르신 체험활동 지원   * 어르신 안전 확인 등- 기타사항 : 효나들이 진행 전, 사전교육을 실시 할 예정※ 자원봉사희망자 정보는 신청자와 관리센터만 볼 수 있습니다.(로그인 필요)"
프로그램보조,부산,남구,공통,저희 센터와 연계된 치매안심센터에서 진행되는 프로그램 보조봉사입니다.매주 목요일 오전 11시 ~ 12시까지 총 한시간 봉사입니다.진행되는 프로그램 보조 및 뒷정리를 하시면 됩니다.※ 자원봉사희망자 정보는 신청자와 관리센터만 볼 수 있습니다.(로그인 필요)
"[성모자애복지관]반찬배달 자원봉사자 모집(운전X, 정기봉사)",서울,강남구,공통,"안녕하세요. 서울 성모자애복지관 자원봉사담당자입니다.성모자애복지관은 열정과 존중을 바탕으로 장애인의 생활과 복지를 위해, 더 나아가 자립을 위해 최선을 다하고 있습니다.지역사회와 함께 성장하는 성모자애복지관에서 도시락 배달을 도와주실 자원봉사자를 모집하고 있습니다.  ========================================================= < 세부사항>- 봉사활동 일시 : 현재 ~ 2019. 12 / 매월 2,4주 수요일(정기자원봉사활동)- 봉사활동 시간 : 13:30 ~ 17:00- 봉사활동 내용 : 재가장애인 반찬지원(배달) / 운전 안하셔도 됩니다.- 봉사활동 장소 : 성모자애복지관(모임장소) / 성모자애복지관 일대(배달장소)- 모집 인원 : 1명- 성별 : 무관- 신청방법 : 유선신청 / VMS 신청 (즉각적인 피드백을 위해 유선신청을 추천합니다. VMS 신청 시 연락이 늦어질 수 있습니다.)- 연락처 : 자원봉사담당자, 김영광 사회복지사 02) 3410-8853- 모집기간 : ~ 2019. 12 ※ 담당자와 통화를 하시기 전까지는 봉사활동이 확정 된 것이 아닙니다! =========================================================  많은 관심과 연락 부탁드립니다.감사합니다.※ 자원봉사희망자 정보는 신청자와 관리센터만 볼 수 있습니다.(로그인 필요)"
재가봉사,경기,수원시,공통,1. 봉사일자 : 2019-04-01~2019-12-312. 봉사장소 : 재가3. 봉사내용 : 재가봉사※ 자원봉사희망자 정보는 신청자와 관리센터만 볼 수 있습니다.(로그인 필요)
등촌4종합사회복지관 본관 이미용 자원봉사자 모집,서울,강서구,공통,"등촌4종합사회복지관 본관 이미용 자원봉사자 모집활동기간 2019-04-18~2019-12-19활동분야 이미용봉사봉사활동처 등촌4종합사회복지관 활동주기 정기 [매월 3주 목요일]봉사지역 [서울] 서울특별시 강서구봉사장소 등촌4종합사회복지관봉사대상 어르신, 지역주민모집인원 2명지원 자격 조건봉사자연령- 봉사자성별공통자격요건이미용 관련 자격증 소지자 (컷트 가능자)사전교육-서울시 강서구에 위치한 등촌4종합사회복지관입니다.저희 복지관에서는 매월 셋째주 목요일에 지역 내 어르신들을 위한 이미용 서비스를 진행하고 있습니다.봉사활동을 통해 어르신들의 머리를 다듬어주실 봉사자를 모집합니다.많은 관심과 신청 부탁드립니다.* 활동내용 : 이미용 서비스 자원봉사 (컷트)* 활동일시 : 매월 셋째주 목요일 10시~12시* 활동요건 : 미용 관련 자격증 소지자* 모집인원 : 2명* 문의 : 신민경 사회복지사* 연락처 : 02-2658-8800※ 자원봉사희망자 정보는 신청자와 관리센터만 볼 수 있습니다.(로그인 필요)"
이미용 자원봉사단체 및 자원봉사자 모집,경기,오산시,공통,"오산종합사회복지관에서는 어르신들을 대상으로 정기적으로 하실 자원봉사자를 모집합니다^^많이 신청해주시고, 얼마든지 조정가능합니다^^1. 활동일자 : 매월 1회(셋째주 평일 오후) *변경가능함2. 모집인원: 0명3. 모집분야: 어르신 이미용(컷트 등)4. 기타사항: 개인 및 단체 봉사자, 대학교 동아리 등 모두 가능5. 문의사항: 오산종합사회복지관 사무실 (031-378-2740)※ 자원봉사희망자 정보는 신청자와 관리센터만 볼 수 있습니다.(로그인 필요)"
<초록우산어린이재단>대전종합사회복지관 멘토링프로그램 멘토모집,대전,대덕구,공통,"제5기 러닝메이트 멘토 모집초록우산 어린이재단 대전종합사회복지관에서는 저소득가정 중학생 아이들과 함께 활동 할 멘토를 모집합니다!-대상: 멘토링활동에 관심있는자로 대학교 2학년이상 성인(학과무관)-활동기간: 2019.03.~2019.12.-활동내용: 멘토교육 및 OT, 멘토링 1박2일 캠프, 개별멘토링 등-멘토혜택: 자원봉사활동시간 인정, 활동비지급(1회 15,000원), 기관내외표창장추천-접수기간: 2019.03.15.~ 2019.03.22.(3월중 면접예정, 추후예정)-접수방법: 대전종합사회복지관 홈페이지(www.childfund-daejeon.or.kr) 공지사항 중             멘토링프로그램 신청서 다운받아 작성하여 메일발송(shbr1004@childfund.or.kr)-문의사항: 대전종합사회복지관 박보라 사회복지사(042-627-2957)※ 자원봉사희망자 정보는 신청자와 관리센터만 볼 수 있습니다.(로그인 필요)"
방문이미용 자원봉사자 모집힙니다,부산,사하구,공통,프로그램명 :  방문이미용진행일시 : 매달 네번째 목요일 9시30분~12시00분진행장소 : 대상자 가정활동내용 : 거동불편하여 외출이 어려운 대상자의 가정에 방문하여 서비스(커트) 제공비     고 : 이동 시 차량으로 이동하며 담당사회복지사와 동행하여 활동진행합니다!              활동가능하신 자원봉사자 선생님들의 전화를 기다리고 있습니다~^^             활동관련하여 궁금하신 분들은 복지관으로 언제든지 전화주시기 비랍니다             ※활동일 조정 가능합니다 다시한번 많은 관심과 참여바랍니다~※* 사하구복지관 TEL 051-293-2688 *※ 자원봉사희망자 정보는 신청자와 관리센터만 볼 수 있습니다.(로그인 필요)
[서초중앙] 밑반찬 포장 및 배달 봉사,서울,서초구,공통,"[서초중앙] 저소득 독거어르신지원 밑반찬 포장 및 배달 활동서초중앙노인종합복지관에서는 저소득 독거어르신들을 대상으로 실시하고 있는 밑반찬 사업의 업무를 보조해주실 봉사자분들을 모집하고 있습니다.1) 일 시: 2019년 02월 ~ 12월 매주 화, 금 13:30~16:30(3시간)2) 업 무: 서초구 내 거주하고 계신 저소득 독거어르신들을 위한 밑반찬 포장 및 배달3) 인 원: 5명4) 자 격: 20세~50세5) 장 소: 복지관 2층 경로식당, 어르신가정6) 주 소: 서울특별시 서초구 서초동 1666-17 (교대역 1번, 13번 출구 100m)★ 문 의: 02)3474-6080~1 김예진 사회복지사 많은 관심과 참여를 기다립니다. *담당자와 유선연락이 되어야 신청완료임을 알려드립니다.※ 자원봉사희망자 정보는 신청자와 관리센터만 볼 수 있습니다.(로그인 필요)"
보글보글 맛있는 반찬 만들기에 함께하실 정기봉사자를 모집해요!,인천,계양구,공통,"<보글보글 맛있는 반찬 만들기에 함께하실 봉사자를 모집해요!>노틀담복지관에서는 매주 수요일 오전에 저소득 장애인 가정에 드릴 따끈따근 맛 좋은 반찬을 조리합니다.따듯한 마음을 나눠 줄 봉사자를 모집합니다. 봉사자님의 마음을 보여주세요^^▷일시: 매주 수요일 오전9:30~12:30 (3시간)▷장소: 계산동 소재 봉사단체 조리실(외부) 계양대로205번길 9 지층▷내용: 밑반찬 3종 조리▷신청: 전화 또는 방문 신청 (지역사랑팀 032-540-8933)*VMS 봉사시간을 드립니다.*노틀담의 새가족이 되어요.*보람, 뿌듯, 행복, 사랑을 느끼게 해줘요.정기적으로 봉사가능한 성인 봉사자를 모집합니다~ 적극적인 참여부탁드립니다♡※ 자원봉사희망자 정보는 신청자와 관리센터만 볼 수 있습니다.(로그인 필요)"
2019 멘토링프로그램 '세발자전거',충북,청주시,공통,"2019 멘토링프로그램 “세발자전거” 멘토 모집□ 멘토링 ‘세발자전거’는?아동 멘티와 대학생 멘토가 1:1로 짝이 되어 함께 활동하면서 정서적 교감을 나누고, 멘토가 아동의 편이 되어 지지자의 역할을 함으로써 아동이 건강하게 성장할 수 있도록 돕는 프로그램입니다. 멘토는 자신의 장점과 역량을 활용하여 멘티의 성장을 돕습니다.□ 모집인원 : 15명□ 활동내용 :1) 멘토와 멘티의 개별 활동 : 월 2회 이상 멘티와 자유로운 개별활동 진행2) 멘토 교육 및 회의 : 멘토교육 (4월 중 2회) / 멘토 워크샵 (7월 중) / 멘토회의 (격월 1회)3) 단체활동 : 결연식 / 종결식 / 문화체험 및 여름캠프 각 1회□ 활동기간 : 2019년 4월~11월□ 신청자격1. 아동에게 관심이 많고 아동과 친밀한 관계를 형성·유지할 수 있는 봉사자2. 프로그램기간 동안 책임감있게 멘토링활동을 할 수 있는 봉사자□ 신청기한 : 2019년 3월 31일까지□ 신청방법 및 절차1. 어린이재단 반디 홈페이지 회원 가입 및 자원봉사자 등록 - http://www.childfund.or.kr/ 어린이재단 홈페이지 가입 및 자원봉사자 등록 (나눔활동 > 자원봉사 > 자원봉사자 등록 > VMS 연동 필수) - 나눔활동 > 자원봉사 > 모집공고 > 충청북도 > 제목 “2018 멘토링 프로그램 ”세발자전거“ 멘토 모집” > 자원봉사 지원하기 2. 청주사회복지관 홈페이지 멘토신청서 업로드-  www.childfund-cheongju.or.kr-  메인화면 > 멘토공간 > 공지사항 > 신청서 서식 다운로드-   yg7love@naver.com 로 전송3. 멘토링 담당자와 개별면접 실시(4월 초 예정/신청접수 3일 이내 개별연락)4. 멘토링 활동교육 이수 후 최종 선발□ 문의 : 청주사회복지관 김민지 대리 (043-253-4493)※ 자원봉사희망자 정보는 신청자와 관리센터만 볼 수 있습니다.(로그인 필요)"
도시락 배달,충북,청주시,공통,1. 봉사일자 : 2019-03-14~2019-12-262. 봉사장소 : 복지관 및 어르신 가정3. 봉사내용 : 도시락 배달4. 특이사항: 자가 차량 이용 및 운행 가능한 주민※ 자원봉사희망자 정보는 신청자와 관리센터만 볼 수 있습니다.(로그인 필요)
샬롬노인복지센터 자원봉사자 모집,대구,서구,공통," 샬롬노인복지센터 자원봉사자 모집 공고 - 봉사 대상 : 지역 내 기초생활수급자 및 홀로 사시는 어르신- 모집 인원 : 5명(노인, 주부, 학생)- 활동기간 : 2019.03.18~12.31- 활동장소 : 서구 지역 일대(평리5, 6동, 비산 7동, 상중이동)- 활동시간 : 주1회~주 3회(격주 가능)- 활동분야 : 방문 봉사 및 프로그램 보조- 신청자격 : 만 19세 이상 심신이 건강한 자로서 봉사정신이 투철한 자- 신청기간 : 수시 신청 가능- 신청방법 : 전화(523-5830), 팩스(522-5835)- 구비서류 : 자원봉사지원신청서, 개인정보 수집 등 동의서- 지원사항 : 교육 및 간담회, 자원봉사활동 실적 관리 및 포상 등※ 자원봉사희망자 정보는 신청자와 관리센터만 볼 수 있습니다.(로그인 필요)"
어르신 나들이 동행 봉사자를 모집합니다~,인천,미추홀구,공통,1. 봉사일자 : 2019-04-24~2019-04-242. 봉사장소 : 나들이 동행(한국민속촌)3. 봉사내용 : 어르신 나들이 동행 봉사자를 모집합니다~※ 자원봉사희망자 정보는 신청자와 관리센터만 볼 수 있습니다.(로그인 필요)
재가복지 이.미용서비스,전남,목포시,공통,<재가복지 이.미용서비스>* 모집일정 : 2019. 3. 14. ~ 2019. 12. 31.* 봉사시간 : 매월 첫째 주 목요일 09:00~11:00* 요청사항 : 이.미용 경험이 있는 자원봉사자분따뜻한 사랑의 나눔을 함께해주실 자원봉사자분들의 많은 관심 부탁드립니다. 감사합니다^^  ※ 자원봉사희망자 정보는 신청자와 관리센터만 볼 수 있습니다.(로그인 필요)
재가복지 도시락서비스,전남,목포시,공통,"<재가복지 도시락서비스>* 모집일정 : 2019. 3. 14. ~ 2019. 12. 31.* 봉사시간 : 매주 월, 수, 금 10:30~11:30 (희망요일 주 1회 신청 가능)* 활동내용 : 복지관 인근~포미타운 8~9세대 도시락서비스 운전 따뜻한 사랑의 나눔을 함께해주실 자원봉사자분들의 많은 관심 부탁드립니다. 감사합니다^^ ※ 자원봉사희망자 정보는 신청자와 관리센터만 볼 수 있습니다.(로그인 필요)"
재가복지 밑반찬서비스,전남,목포시,공통,<재가복지 밑반찬서비스>* 모집일정 : 2019. 3. 14. ~ 2019. 12. 31.* 봉사시간 : 매주 수 13:30~15:00* 활동내용 : 죽교동/북교동 9세대 밑반찬서비스 운전따뜻한 사랑의 나눔을 함께해주실 자원봉사자분들의 많은 관심 부탁드립니다. 감사합니다^^※ 자원봉사희망자 정보는 신청자와 관리센터만 볼 수 있습니다.(로그인 필요)
[남구종합사회복지관] 2019년 멘토링 프로그램 멘토 모집,울산,남구,여,"1. 남구종합사회복지관 멘토링 프로그램 멘토 모집울산남구종합사회복지관에서는 2019년 멘토링 프로그램에 참여할 멘토를 모집합니다.청소년들과 재미있는 멘토링 수업을 함께 만들어 줄 멘토를 모집하오니 많은 신청 바랍니다.1. 활동기간 : 2019. 04 ~ 11 (8월 미진행 / 7개월 활동) * 월2회 진행 예정2. 모집인원 : 16명3. 활동영역 : 중,고등학생 청소년4. 활동방법- 학습 지원 : 1:1학습, 집단학습- 진로 활동 : 멘토-멘티가 논의하여 체험 활동- 멘토 간담회 : 활동자문 및 점검5. 멘토 혜택사항- 월 활동비 지급 예정- 회기별 다과 제공6. 신청기간: 2019. 03. 07(목) ~ 2019. 03. 21(목)7. 신청방법: 유선연락(052)260-2981)8. 담 당 자 : 울산남구종합사회복지관 조직·사례관리과 김영애 사회복지사*상기 내용은 기관사정에 따라 변경될 수 있습니다.*최소 4개월 이상 지속적인 참여가 가능한 멘토를 모집합니다.※ 자원봉사희망자 정보는 신청자와 관리센터만 볼 수 있습니다.(로그인 필요)"
밑반찬 및 국 배달 보조,부산,남구,공통,"밑반찬 / 국 도시락 배달 업무- 운전 가능하신 분만 신청해주시기 바랍니다.- 매주 화, 목(공휴일제외) 10시~12시까지 활동.  :  매주 화, 목 중 택일하여 활동 가능함.- VMS 실적 인증- 활동지역 : 남구 일대(대연1동, 대연6동, 문현1~4동)※ 자원봉사희망자 정보는 신청자와 관리센터만 볼 수 있습니다.(로그인 필요)"
"양산시노인복지관 저소득 거동불편 어르신을 위한 세탁물 수거, 전달(차량지원)",경남,양산시,공통,"1. 봉사일자 : 2019-03-19~2019-12-312. 봉사장소 : 양산시노인복지관 및 양산지역3. 봉사내용 : 양산시노인복지관 저소득 거동불편 어르신을 위한 세탁물 수거, 전달(차량지원)※ 개인차량을 이용하여 매월 3주 화요일 및 3주 수요일에 세탁물을 수거, 전달 해주실 자원봉사자님의 많은 지원 바랍니다.※ 자원봉사희망자 정보는 신청자와 관리센터만 볼 수 있습니다.(로그인 필요)"
독거노인 친구만들기 업무 보조 봉사자 모집,제주,제주시,공통,1. 봉사일자 : 2019-03-12~2019-12-312. 봉사장소 : 기관 내외3. 봉사내용 : 독거노인 친구만들기 업무 보조 봉사자 모집4. 사전교육 : 독거노인 친구만들기 설문지 작성 사전교육(30분~40분)※ 운전가능자 우대※ 자원봉사희망자 정보는 신청자와 관리센터만 볼 수 있습니다.(로그인 필요)
학습자원봉사자 모집,대전,서구,여,1. 봉사일자 : 2019-04-01~2019-12-312. 봉사장소 : 관저종합사회복지관3. 봉사내용 : 학습자원봉사자 모집※ 자원봉사희망자 정보는 신청자와 관리센터만 볼 수 있습니다.(로그인 필요)
재가복지사업 밑반찬 배달 자원봉사자 모집,서울,서초구,공통,"재가복지 대상자 어르신의 건강한 식사제공을 위해 활동해주실 밑반찬배달 자원봉사자를 모집합니다.매주 월요일, 목요일 진행되며 월 1회 활동도 가능합니다.비 정기적인 봉사활동도 가능하며 사전 일정조율 후 활동할 수 있습니다.차량의 경우 개인차량으로 활동이 가능하며 차량이 없을 시 기관차량으로 활동이 가능합니다.많은 관심 부탁드립니다.재가복지사업 담당자 김보석 사회복지사 010-3334-1318※ 자원봉사희망자 정보는 신청자와 관리센터만 볼 수 있습니다.(로그인 필요)"
[계양재가노인지원서비스센터] 목욕봉사자 모집합니다.,인천,계양구,공통,"안녕하세요. 계양재가노인지원서비스센터입니다.본 센터에서는 어르신들을 대상으로 목욕 봉사를 위한 자원봉사자를 모집하려고 합니다.많은 관심과 참여 부탁드리겠습니다.-------------------------------------------------------------------------------일시 : 매월 네번째 주 수요일(오전 9시 ~ 13시/ 8월 제외)장소 : 계양구 효성동 내 사우나(효성프라자 내)내용 : 재가 어르신 목욕 및 식사 시 지원(목욕 시 등 밀어 드리기, 목욕탕 입출입 지원 등)비고 : 목욕, 식사서비스는 사우나 내의 목욕탕 및 식당에서 진행되며 서비스 진행 시 발생하는 금액(목욕비, 식비)은 기관에서 부담합니다.기타 궁금하신 사항은 계양재가노인지원서비스센터로 해주시기 바랍니다. (업무시간 내 032-556-0005 / 업무시간 외 010-4081-3407) ※ 자원봉사희망자 정보는 신청자와 관리센터만 볼 수 있습니다.(로그인 필요)"
[계양재가노인지원서비스센터]밑반찬 전달 자원봉사자 모집합니다.,인천,계양구,공통,"안녕하세요. 계양재가노인지원서비스센터입니다.본 센터에서는 식생활 사업에 따른 밑반찬 전달 자원봉사자를 모집하려고 합니다.많은 관심과 참여 부탁드리겠습니다.-------------------------------------------------------------------------------일시 : 매월 첫째,둘째,셋째 주 목요일(오후 14시 ~ 18시) (거의 고정된 시간)장소 : 본 센터에서 출발하여 각 담당구역(임학병방, 계산동, 효성동)으로 나뉘어 어르신들 댁 방문기타 문의사항이 있으신 분들은 계양재가노인지원서비스센터로 연락주시기 바랍니다. (업무시간[09:00-18:00] 내 032-556-0005 / 업무시간(18:00~) 외 010-4081-3407)※ 자원봉사희망자 정보는 신청자와 관리센터만 볼 수 있습니다.(로그인 필요)"
[계양재가노인지원서비스센터]밑반찬 전달 봉사자 모집합니다.,인천,계양구,공통,"안녕하세요. 계양재가노인지원서비스센터입니다.본 센터에서는 식생활 사업에 따른 밑반찬 전달 자원봉사자를 모집하려고 합니다.많은 관심과 참여 부탁드리겠습니다.-------------------------------------------------------------------------------일시 : 매월 첫째,둘째,셋째 주 목요일(오후 14시 ~ 18시) (거의 고정된 시간)장소 : 본 센터에서 출발하여 각 담당구역(임학병방, 계산동, 효성동)으로 나뉘어 어르신들 댁 방문기타 문의사항이 있으신 분들은 계양재가노인지원서비스센터로 연락주시기 바랍니다. (업무시간[09:00-18:00] 내 032-556-0005 / 업무시간(18:00~) 외 010-4081-3407)※ 자원봉사희망자 정보는 신청자와 관리센터만 볼 수 있습니다.(로그인 필요)"
[계양재가노인지원서비스센터]밑반찬 전달 자원봉사자 모집,인천,계양구,공통,"안녕하세요. 계양재가노인지원서비스센터입니다.본 센터에서는 식생활 사업에 따른 밑반찬 전달 자원봉사자를 모집하려고 합니다.많은 관심과 참여 부탁드리겠습니다.-------------------------------------------------------------------------------일시 : 매월 첫째,둘째,셋째 주 목요일(오후 14시 ~ 18시) (거의 고정된 시간)장소 : 본 센터에서 출발하여 각 담당구역(임학병방, 계산동, 효성동)으로 나뉘어 어르신들 댁 방문기타 문의사항이 있으신 분들은 계양재가노인지원서비스센터로 연락주시기 바랍니다. (업무시간[09:00-18:00] 내 032-556-0005 / 업무시간(18:00~) 외 010-4081-3407)※ 자원봉사희망자 정보는 신청자와 관리센터만 볼 수 있습니다.(로그인 필요)"
"이동 목욕 봉사, 가사서비스",대전,서구,공통,"이동목욕 자원봉사자 모집이동목욕 차량사업은 대전광역시 서구지역 내 보호자의 도움 없인 목욕을 할 수 없는 거동이 불편한 저소득층 노인, 장애인을 대상으로 최신 목욕시스템을 갖춘 목욕차량이 대상자의 가정을 직접 방문하여, 무료로 목욕을 시켜드리는 사회복지서비스입니다. 이동목욕차량사업에 함께 동참하실 각 기관 및 회사 내 자원봉사단체와 개인 남/여 자원봉사자들을 모집하오니 많은 관심과 참여 부탁드립니다.- 모집분야 : 이동목욕 자원봉사활동(담당 사회복지사 보조역할)- 활동일시 : 월~금요일 13:30~17:30 중 가능한 요일택일(조정가능)- 활동문의 : 042)482-2032 조경옥 사회복지사) * 전화문의 요망- 혜     택 : 자원봉사 활동확인서 발급 (VMS)               우수(모범) 자원봉사자로 포창 추천               다양한 복지관 이벤트(자원봉사자 캠프, 나들이 등) 초청 ※ 자원봉사희망자 정보는 신청자와 관리센터만 볼 수 있습니다.(로그인 필요)"
밑반찬조리봉사,경북,포항시,공통,"1. 봉사일자 : 2019-03-08~2021-12-312. 봉사장소 : 남구 냉천로 234(도가)3. 봉사내용 : 밑반찬조리봉사4. 활동시간 및 요일 : 매주 수요일 오천읍 냉천로 234(도가)에서 조리봉사활동(09:30~11:30) / 월1회, 격주1회, 주1회 등 개인, 단체 모두 환영※ 자원봉사희망자 정보는 신청자와 관리센터만 볼 수 있습니다.(로그인 필요)"
우체국공익재단지원사업 '성장-mentoring' 멘토 모집(활동비 지급),충북,청주시,공통,"<우체국공익재단 지원사업 - 장애가정아동'성장-mentoring' 멘토 모집>저소득 장애인가정의 초등학생 자녀를 대상으로 자기관리능력 향상과 정서적지지 등 부족한 양육환경을 보충해주어 스스로 건강하게 성장할 수 있는 기반을 강화시켜주기 위한 사업■모집인원 : 멘토 5명■활동기간 : 2019년 4월 ~ 11월■봉사대상 : 장애인가정의 초등학생 자녀■활동내용 : 멘티지원 - 멘티건강검진(2회), 학습지도 및 건강관리(26회), 문화체험활동(4회)                  멘토간담회 - 4월, 8월, 10월 예정                  행사참여 - 발대식, 우리두리캠프(1박2일), 종결식■혜택사항 : 멘토활동비 지급(20,000원), 자원봉사활동 시간 인정, 우체국 통장 개설■신청방법 : 충북장애인재활협회 담당 윤진아 043-252-9720[4월부터 11월까지 8개월동안 꾸준히 참석하실 수 있는 분들만 신청부탁드립니다!]※ 자원봉사희망자 정보는 신청자와 관리센터만 볼 수 있습니다.(로그인 필요)"
[하계종합사회복지관] 멘토링 멘토 봉사자 모집 ,서울,노원구,공통,"하계종합사회복지관에서 아동청소년을 대상으로 멘토(학습지도) 봉사자를 모집합니다. 맨토란?- 멘토는 지식을 가진 자로 멘티에게 필요한 내용을 가르치는 선생님의 역할을 합니다.맨티란?- 맨티는 가르치는 선생님에게 배움을 받는 역할을 합니다. ○ 프로그램 개요 - 모집인원: 성인멘토 16명 - 활동기간: 2019. 4. ~ 2019. 12. (9개월) - 활동시간: 주 1회, 1~2시간 (요일 및 시간조정 가능) - 모집기간: 2019. 3. 11.(월) ~ 2019. 3. 29.(금) - 사업내용: 발대식, 인권교육, 멘토교육, 정서·학습지도, 멘토멘티 문화체험, 보호자교육, 평가회○ 멘토 자격요건 및 선발기준  - 청소년 활동에 관심이 있는자  - 20세 이상의 성인으로 성범죄경력 및 아동학대 조회시 결격사유가 없는자  - 멘티의 학습지도가 가능하고 성실하며 책임감 있는 자  - 최소 6개월 이상 수행할 수 있는 자○ 활동혜택  - VMS 봉사활동 실적 인정  - 우수활동팀 시상  - 무엇보다 큰 봉사활동의 보람 및 교육의 기회 제공 많은 관심과 참여 부탁드립니다.※ 자원봉사희망자 정보는 신청자와 관리센터만 볼 수 있습니다.(로그인 필요)"
재가어르신 도시락 배달 자원봉사자 모집,대구,달서구,공통,"*재가어르신 도시락 배달 자원봉사자 모집*상록수노인종합복지센터에서는 경제적, 신체적 이유 등으로 인해식생활에 어려움을 겪고 있는 어르신을 대상으로 도시락을 지원하고 있습니다. 어르신들을 위해 도시락을 포장해주고 배달보조를해주실 봉사자를 모집하고 있습니다.-활동기간 : 매주 월~금 11:00 - 13:00 (주 1회만 정기적으로 참여해도 됨)-활동내용 : 도시락 포장 및 배달, 도시락 설거지, 어르신 안부확인 및 근황파악-신청방법 : VMS 홈페이지 신청 또는 전화신청-문의 : 손다혜 팀장 / 652-6080※ 자원봉사희망자 정보는 신청자와 관리센터만 볼 수 있습니다.(로그인 필요)"
홀몸노인 안부확인 및 밑반찬배달 정기자원봉사자 모집,대구,북구,공통,누리노인복지센터에서 홀몸노인 안부확인 및 밑반찬배달지원 정기 자원봉사자를 모집합니다.- 봉사일시: 매주 화요일 13:00 ~ 15:00 (2시간00분)- 모집대상: 정기자원봉사활동이 가능한 자원봉사자- 모집인원: 2명- 자원봉사내용: 홀몸노인 안부확인 및 밑반찬배달지원* 자원봉사활동 신청 후 전화연락 부탁드립니다. (누리노인복지센터 사회복지사 방선주 353-0388)※ 자원봉사희망자 정보는 신청자와 관리센터만 볼 수 있습니다.(로그인 필요)
[우리동네 이웃사촌] 어른신 모니터링 자원봉사자를 모집합니다.,경기,포천시,공통,"우리동네 이웃사촌은 마을 안의 독거노인과 자원봉사자, 복지관이 한 그룹이 되어 월1회 복지관 프로그램 이용 및정기적인 모니터링을 통하여 독거노인의 사회 안전망을 형성하고 더 나아가 독거노인-자원봉사자 형태의 능동적인 정서적 지지망을 구축하기 위한 프로그램입니다. *봉사일정: 2019년 3월~12월 주1회*봉사내용:              1. 월 1회 복지관 프로그램 이용 시 송영 및 활동 참여              2. 주 1회 정기 모니터링              3. 상/하반기 간담회 참여*자격요건: 운전면허 소지 및 운전가능한 분*봉사혜택: 1. 자원봉사 실적 입력              2. 연말 우수자원봉사자 시상 및 소정의 선물 증정*활동지역: 1. 내촌/가산면              2. 운천              3. 일동면              4. 송우리*문의 및 신청: 임보라 사회복지사 070-8798-4132※ 자원봉사희망자 정보는 신청자와 관리센터만 볼 수 있습니다.(로그인 필요)"
밑반찬서비스 배달보조봉사,부산,연제구,공통,1. 봉사일자 : 2019-03-06~2019-12-312. 봉사장소 : 연제구 일대3. 봉사시간 : 11시부터 13시까지4. 봉사내용 : 밑반찬서비스 배달봉사- 운전 필요없이 배달보조해주실 자원봉사자- 남녀노소 하실수 있는 간단한 봉사입니다. ※ 자원봉사희망자 정보는 신청자와 관리센터만 볼 수 있습니다.(로그인 필요)
배달강좌프로그램 '행복배달부'  프로그램보조,부산,연제구,공통,1. 봉사일자 : 2019-03-18~2019-12-312. 봉사장소 : 연제구 일대 재가어르신댁3. 봉사내용 : 배달강좌프로그램 '행복배달부' 프로그램보조- 시간조절가능합니다.※ 자원봉사희망자 정보는 신청자와 관리센터만 볼 수 있습니다.(로그인 필요)
꿈의집지역아동센터 자원봉사 모집 ,경기,군포시,공통," 꿈의집 지역아동센터에서 함께할 자원봉사자를 모집하고 있습니다.1. 활동 기간 : 2019년 3월 ~ 2019년 12월 31일   희망 시간 :  15:00~19:00(주 1회 이상 활동, 평일(월~금요일 중 하루) / 요일 및 시간 조정 가능)2. 센터 위치 : 경기도 군포시 군포로 789. 2층                (군포시 산본동 75-61번지)3. 문의- 담당자 : 김송이* 접수 후 센터로 전화 (031-399-0931) 부탁드립니다. *** ※ 자원봉사희망자 정보는 신청자와 관리센터만 볼 수 있습니다.(로그인 필요)"
저소득 어르신 말벗지원 서비스 '우리는 이웃일촌',서울,성동구,공통,[우리는 이웃일촌] 봉사자 모집1. 활동명 : 우리는 이웃일촌 ‘호호이웃’2. 기 간 : 1년 단위로 장기 봉사자 우대3. 내 용 : 성동구 지역 내 외로움을 겪고 있는 독거 어르신 말벗 지원 서비스청소년의 경우 2인 1조로 운영되며 가족분들의 참여도 가능합니다.어르신과 자유롭게 전화 및 방문일정 조율하여 1년 간 말벗활동 활동 진행됩니다.웃음 가득한 우리 마을이 될 수 있도록 많은 관심과 참여 부탁드립니다^_^문의전화 이소영 사회복지사02-2282-1100※ 자원봉사희망자 정보는 신청자와 관리센터만 볼 수 있습니다.(로그인 필요)
재가 방문 봉사자 모집,제주,제주시,공통,"1. 봉사일자 : 연중(수시)2. 봉사장소 : 재가장애인 가정 등3. 봉사내용  - 이동목욕서비스 자원봉사   - 우리복지관내 수중재활운동센터 남자 이용시설 목욕봉사  - 재가방문 자원봉사: 간병, 이미용, 식사, 말벗 등4. 모집대상 : 재가방문 봉사가 가능한 자원봉사자5. 활동방법 : 기간, 일정, 시간 등 담당자와 논의후 진행6. 기타사항 : 그외 문의사항은 담당자에게 문의 바람※ 자원봉사희망자 정보는 신청자와 관리센터만 볼 수 있습니다.(로그인 필요)"
★독거노인 일상생활지원 자원봉사자 모집,부산,해운대구,여,"* 지역 내 독거 어르신의 일상생활 보조 및 간단한 청소를 도와줄 자원봉사자를 모집합니다- 내      용 : 정리정돈 및 청소, 일상생활(식사준비 등) 보조- 자격조건 : 매주 토요일 오전에 정기적 자원봉사가 가능하신 분- 활동 혜택 : 봉사시간 제공- 문의 사항은 복지관으로 연락 주시면 됩니다.※ 자원봉사희망자 정보는 신청자와 관리센터만 볼 수 있습니다.(로그인 필요)"
독거어르신 도배 해드기,전남,무안군,공통,1. 봉사일자 : 2019-05-01~2019-11-302. 봉사장소 : 독거어르신 댁3. 봉사내용 : 독거어르신 도배 해드기※ 자원봉사희망자 정보는 신청자와 관리센터만 볼 수 있습니다.(로그인 필요)
어르신 이미용 자원봉사자 모집,부산,해운대구,공통,※ 자원봉사희망자 정보는 신청자와 관리센터만 볼 수 있습니다.(로그인 필요)
부산 사상구 준사례관리자 양성 교육 과정 및 활동 봉사자 모집,부산,사상구,공통,"1. 봉사일자 : 2019-03-22~2019-12-312. 봉사장소 : 사상구종합사회복지관 및 지역사회3. 봉사내용 : 부산 사상구 준사례관리자 양성 교육 과정 및 활동 봉사자 모집- 준사례관리자 교육 3월 ~ 6월 (기초교육, 보수교육)- 준사례관리자 활동 7월 ~ 12월 (지역사회 대상자와의 만남과 목표계획 수립)- 준사례관리자 사례회의 (월 1회 담당자와 준사례관리자와의 논의)4. 봉사혜택 : 사례관리 관련 교육, 현장실무 경험, 수료증 발급 등5. 봉사참여신청방법 : 051-314-8948 송영환 사회복지사 전화주세요 ^^ ※ 자원봉사희망자 정보는 신청자와 관리센터만 볼 수 있습니다.(로그인 필요)"
“자녀독서지도” 독서활동도우미 모집,서울,종로구,공통,"2019년 가족역량강화사업시각장애인부모가정의 자녀양육 역량강화를 위한 프로그램“자녀독서지도” 독서활동도우미 모집 실로암시각장애인복지관에서는 시각장애인부모가정의 자녀양육에 대한 역량강화를 위해 2019년 ‘자녀독서지도’를 실시합니다. 시각장애로 인해 자녀양육에 어려움을 겪고 있는 시각장애인 가정에게 ‘독서활동도우미 파견’을 하여 독서프로그램을 제공함으로써 자주적인 독서활동지도 및 자녀양육에 대한 부모효능감을 향상할 수 있도록 지원하고자 하오니 많은 관심과 참여를 부탁드립니다. - 아 래 - 1. 모집대상 : 독서활동도우미 10명 2. 지원자격- 아동을 대상으로 독서지도를 할 수 있는 대학교 및 대학원생 혹은 졸업생- 매주 1시간 씩, 4~10월 연중으로 봉사활동이 가능한 자- 기관에서 제공하는 교육에 성실히 참가 할 수 있는 자- 사업이 끝날 때까지 꾸준하고 성실하게 활동이 가능한 자- 유아 및 아동교육 전공자 혹은 이와 관련된 전공자 우대- 보육교사, 동화구연, 독서지도, 독서치료 등 각 모집분야 관련 자격증 소지자 우대 3. 활동내용- 독서활동도우미: 시각장애인부모가정에 방문하여 자녀에게 독서 및 책놀이활동을 제공(1시간, 15회기)- 독서활동도우미 교육: 아동의 독서지도가 원활히 이루어 질 수 있도록 전문강사를 초빙하여 독서활동 교육을 실시 (사전교육 1회)- 평가회: 독서활동도우미 중간, 최종 평가회 진행 (각 1회기) 4. 모집기간 : 2019년 2월 28일(월) ~ 3월 15일(금) 5. 활동기간 : 2019년 4월 ~ 10월 6. 활동혜택- 소정의 활동지원비 지급- 봉사활동 시간 지급 7. 신청방법- 온라인 신청서를 작성하여 제출: 구글 폼 신청서 작성(https://goo.gl/forms/FNWBVDZ2UeUjHx5N2)- 실로암 홈페이지 공지사항 참조(www.silwel.or.kr) 8. 면접일자 : 2019년 3월 14일(목), 15일(금) (개별통보) 9. 면접장소 : 한국학생점자도서관 2층(설리번학습지원센터: 서울시 종로구 자하문로 131-1) 10. 사전교육일 : 2019년 3월 23일(토) (* 최종 합격자는 사전교육에 꼭 참석해야 함.) 11. 활동비 : 1시간(1회) 당 20,000원 지급 12. 문의처 : 실로암시각장애인복지관 학습지원팀 김지혜전화: 02-880-0616, 이메일: studentlib@naver.com홈페이지: www.silwel.or.kr     ※ 자원봉사희망자 정보는 신청자와 관리센터만 볼 수 있습니다.(로그인 필요)"
[선학종합사회복지관] 토요밑반찬 봉사자 모집,인천,연수구,공통,"선학복지관에서는 지역 내에 식사지원을 필요로하는 주민들을 위해 토요밑반찬 서비스를 제공하고있습니다!우리 가족이 만든 밑반찬을 함께 나누는 기쁨을 같이해 주실 봉사단을 모집합니다^.^1. 내 용 : 가정에서 밑반찬을 조리하신 후 해당 가정에 배달 (3~4가정)2. 봉사시간 : 첫쨋주, 셋쨋주, 넷쨋주 토요일(09:00~12:00) 중 선택3. 모집인원 : 5가정(수시모집합니다)4. 문 의 : 월드비전 선학종합사회복지관 허인옥 사회복지사 032)813-6453             (가급적 전화신청 부탁드립니다!)가족 모두 함께 활동하며 아이들이 나눔의 기쁨을 배울 수 있는 봉사활동이니 많은 관심 부탁드립니다. ^^+가족봉사단 외에 일반 봉사단체도 신청 가능합니다.+밑반찬봉사의 재료비는 자부담으로 진행됩니다.※ 자원봉사희망자 정보는 신청자와 관리센터만 볼 수 있습니다.(로그인 필요)"
아동 멘토링 자원봉사자 모집 (한국 장학재단 가능) 화명종합사회복지관,부산,북구,공통,"★우리 친구와 1:1 멘토링을 진행할 멘토 선생님을 모집합니다★- 기간 : 2019.03~2019.12- 일시 : 주 1회 평일 오후 멘토-멘티 요일 합의 후 결정  (보통 하교 후 4시~6시에 많이 활동하는 편)- 장소 : 화명종합사회복지관- 내용 : 1:1 개별 멘토링(학습지도, 미술활동, 신체활동, 보드게임 등)- 멘토 : 대학생, 휴학생, 직장인 등 친구들과 즐거운 시간을 함께하고 싶은 성인 (한국장학재단 근로장학 연계가능)p.s. 일정 조정 가능하오니 관심있는 분들께선 부담없이 언제든 편하게 문의주세요.~^^※ 자원봉사희망자 정보는 신청자와 관리센터만 볼 수 있습니다.(로그인 필요)"
주야간보호센터 이미용서비스 봉사자 모집,서울,강북구,공통,구립 미아실버데이케어센터는 어르신을 대상으로 프로그램 및 일상생활을 지원하고 모셔다 드리는 주야간보호센터입니다.마지막 주 수요일 오후 3시~4시 약 1시간 가량 어르신 이미용 봉사를 해주실 전문봉사자를 모집하고 있습니다.(자격증 필수)어르신 머리 커트와 드라이 정도 해주시면 될 것 같습니다.^^ 센터로 연락이나 신청 바랍니다.^^ 자격요건※ 자원봉사희망자 정보는 신청자와 관리센터만 볼 수 있습니다.(로그인 필요)
[송파구방이복지관]성인장애인 등산 및 트레킹 보조 봉사자,서울,서대문구,공통,"송파구방이복지관에서는 성인장애인을 대상으로 월 1회 등산 및 트레킹 교실을 진행함에 따라, 봉사자를 모집합니다.많은 관심과 참여 바랍니다.-일시: 3월 ~ 11월 마지막주 (금) 10:00~15:00-장소: 서울, 경기 지역 내 산-대상: 성인장애인-내용: 성인장애인 등산 및 트레킹 보조 활동※ 자원봉사희망자 정보는 신청자와 관리센터만 볼 수 있습니다.(로그인 필요)"
광주북구청소년상담복지센터‘꿈틀 멘토단’ 모집 안내,광주,북구,공통,"광주북구청소년상담복지센터‘꿈틀 멘토단’ 모집 안내1. 활동개요 - 활동기간 : 2019년 3월~12월 - 활동내용1) 학업중단 숙려제 정서멘토활동 및 역량강화교육 참여2) 찾아가는 이동상담(아웃리치) 센터 홍보활동 2. 모집안내- 모집대상 : 청소년 관련 학과 (상담·심리학, 청소년·사회복지학, 기타 교육 관련 학과 등) 재학생 및 대학원생              : 아동·청소년의 성보호에 관한 법률 제56조 및 기타 법령에 의해 응시자격이 정지되지 아니한 자- 모집인원 : 00명- 모집기간 : 상시모집- 지원방법 : 봉사활동 신청 시 센터에서 개별 연락- 제출서류 : 멘토지원신청서 1부, 개인정보처리 동의서 1부, 성범죄 경력 및 아동학대 범죄전력 조회 동의서 1부                  (신청 시 메일로 제출서류를 보내드릴 예정. 작성 후 회신)- 제출방법 : 이메일 접수- 면접심사 : 서류접수 후 개별 연락- 결과발표 : 면접심사 후 개별 연락- 지원사항 : 소정의 교통비 지급, 자원봉사 활동인정- 문      의 : 광주북구청소년상담복지센터 062-268-1388※ 자원봉사희망자 정보는 신청자와 관리센터만 볼 수 있습니다.(로그인 필요)"
[긴급]이/미용 자원봉사자 모집!,대구,수성구,공통,"*이/미용 자원봉사자 모집-일정 : 매월 1회(10:00~17:00 중, 주말 제외) / 봉사자 선생님 개인 일정에 맞춰드립니다!-장소 : 마야노인복지센터(대구 수성구 공경로 55 / 만촌동)-대상 : 어르신-내용 : 커트, 펌*센터에 이/미용(커트, 펌) 할 수 있는 물품 구비되어 있습니다.*활동을 희망하시는 분은 지체 없이 전화주세요! 053-744-4393※ 자원봉사희망자 정보는 신청자와 관리센터만 볼 수 있습니다.(로그인 필요)"
[평일-재가장애인 이동목욕프로그램] 자원봉사자 모집,충남,아산시,남,[평일-재가장애인 이동목욕프로그램] 자원봉사자를 모집합니다. 자원봉사자 여러분의 많은 지원과 관심 부탁드립니다. ☆ 봉사내용 : [평일- 재가장애인 이동목욕프로그램] 자원봉사 활동 ☆ 봉사일시 : 2019. 03월 ~ 12월 매주 수요일 오후1시~5시까지 ☆ 봉사인원 : 남 2명 이상(남성 재가장애인 목욕봉사 이기에 봉사자 성별을 남성으로 제한함을 양해 부탁드립니다.) ☆ 봉사장소 : 재가장애인가정 ☆ 기타사항 : VMS 자원봉사 신청 후 꼭꼭 연락주세요 ^^ 선착순입니다.** 연락을 주셔야 봉사확정이 됩니다. ** ☆ 문의사항은 아산시장애인복지관 자원봉사담당자 김은주041-545-7727 또는 직통전화 070-4550-2826로 연락바랍니다. ※ 자원봉사희망자 정보는 신청자와 관리센터만 볼 수 있습니다.(로그인 필요)
우정사업본부가 주최하는 장애가정아동 '성장-mentoring' 멘토 모집합니다~,인천,계양구,공통,빠른 접수를 위해 전화로 확인해주세요~ 적극적인 참여 부탁드립니다♡※ 자원봉사희망자 정보는 신청자와 관리센터만 볼 수 있습니다.(로그인 필요)
서울특별시립서부아동상담치료센터 정기 자원봉사자 모집(컴퓨터 활용 능력 강의) ,서울,은평구,공통,"서울특별시립서부아동상담치료센터 정기 자원봉사 모집 진로 결정에 어려움을 겪고 있는 청소년들에게 컴퓨터 활용능력 자격증 취득에 도움을 주실 정기 자원봉사자를 모집합니다.많은 관심과 참여 부탁드립니다. 1. 봉사명 : 컴퓨터 활용 능력 자격증 강의2. 봉사장소 : 서부아동상담치료센터 컴퓨터 학습실(서울특별시 은평구 백련산로 14길 20-11 서부아동상담치료센터)3. 봉사대상자 : 만 20세 이상 성인4. 봉사시간 : 매주 2회 (수, 목 13시~14시)5. 봉사내용 : 심리정서 및 행동상의 어려움이 있는 청소년들의 진로 학습을 위한 컴퓨터 활용 능력 강의 가능자6. 문의 : 일시보호국 국장 김범수 02-385-5700  신청하신 이후, 남겨주신 핸드폰번호로 개별연락을 할 예정입니다※ 자원봉사희망자 정보는 신청자와 관리센터만 볼 수 있습니다.(로그인 필요)"
재가 어르신 밑반찬 배달 자원봉사자 모집,경기,평택시,공통,평택북부노인복지관 재가 어르신 밑반찬 배달 자원봉사자 모집* 봉사일시 : 2019년 3월 ~ 12월(넷째 주 화요일) 17:00~18:00* 봉사대상 : 평택 북부(송탄) 지역 거주 재가 어르신* 문     의 : 유나현 사회복지사(031-615-3913)* 신청 후 유선 연락은 필수입니다* 평택 북부(송탄) 지역 거주자 및 자차 소유자 우대 ※ 자원봉사희망자 정보는 신청자와 관리센터만 볼 수 있습니다.(로그인 필요)
[관악구] 차량지원하여 병원동행 도와주실 자원봉사자를 모집합니다.,서울,관악구,남,"[관악구 독거어르신 차량지원 병원동행 자원봉사자 모집]봉사장소 : 낙성대입구역 독거어르신 댁에서 출발하여 하루는 양지병원, 하루는 중앙대병원 동행 후 귀가도움봉사시간 : 한달에 2번 평일 중 2시부터 4시간정도, 매월초에 진료예약 스케줄이 나오며 시간 및 날짜 조정가능합니다.봉사내용 : 말벗, 병원동행, 차량지원하여 귀가도움차량이 없으시더라도 택시로 이동이 가능하오니 병원동행을 도와주실 봉사자분이 계신다면 누구든지 신청해주시기 바랍니다.온라인 신청 시 바로 확인이 어려우니 꼭 신청 후 02-889-3365 센터로 전화 부탁드리겠습니다.감사합니다^^※ 자원봉사희망자 정보는 신청자와 관리센터만 볼 수 있습니다.(로그인 필요)"
둔산부성 정서지원팀 자원봉사자를 모집합니다,대전,서구,공통,"둔산부성노인복지센터 인근 어르신댁에 직접 방문하여 말벗, 상담 등 정서지원어르신들이 힘으로 못하는 일(유리창 닦이, 가구 옮겨주기, 형광등 교체해 주기 등) 도와주기 자원봉사※ 자원봉사희망자 정보는 신청자와 관리센터만 볼 수 있습니다.(로그인 필요)"
[관악구] 독거어르신 이미용 자원봉사자 모집,서울,관악구,공통,거동이 어려워 바깥 출입이 어려우신 어르신분들을 위해 이미용봉사를 해주실 봉사자분을 찾습니다.날짜와 시간은 봉사자분의 편의에 최대한 맞춰드리겠습니다.02-889-3365언제든 센터로 연락주셔서 지원해주시기 바랍니다. ^^ ※ 자원봉사희망자 정보는 신청자와 관리센터만 볼 수 있습니다.(로그인 필요)
2기 소망초등학교 다니기 봉사자 모집 ,서울,마포구,공통,"2018년 많은 분들의 성원속에 졸업식을 마친 1기를 끝으로 2기 소망초등학교 다니기가 운영됩니다. 새로운 첫발을 내딛는 2기 소망초등학교를 함께 이끌어 갈 봉사자를 모집하니, 많은 관심과 참여 부탁드립니다~  ○ 봉사기간: 2019년 3월 12일 ~ 12월 10일까지, 매주 1회 (화)○ 봉사시간: 주 2회 13시30분~ 16시30분까지 (*일일 최소 2시간) (준비시간 포함하여 3시간 정도 소요)○ 봉사장소: 마포구 소의초등학교 1층 소망교실○ 활동내용: 소망초등학교 한글교육 프로그램 및 문집 제작 보조○ 모집요건: 성별, 나이 무관, 정기적인 봉사자만 가능○ 봉사신청: 02-365-7775 담당: 이은혜 팀장PS. 사전 연락을 통해 봉사자로 선정이 되셔야 참여가 가능해요~ 봉사장소가 학교다 보니 보안이 철저한 점으로 출입에 제한이 있을 수 있으니, 이점 양해바라며 꼭 연락을 통해 신청 바랍니다^^ ※ 자원봉사희망자 정보는 신청자와 관리센터만 볼 수 있습니다.(로그인 필요)"
밑반찬 조리봉사,대구,남구,여,재가 어르신들에게 나갈 밑반찬을 조리하는데에 도움을 주실 봉사자 선생님을 모집합니다!자세한 사항은 전화로 문의를 주시면 감사하겠습니다~!※ 자원봉사희망자 정보는 신청자와 관리센터만 볼 수 있습니다.(로그인 필요)
재가복지서비스 일상생활(청소) 지원,대구,달서구,공통,"-재가대상자 가정을 방문하여 간단한 청소 봉사자를 모집합니다. (바닥 청소, 화장실 청소)- 시간은 30분~1시간 정도 소요됩니다.※ 자원봉사희망자 정보는 신청자와 관리센터만 볼 수 있습니다.(로그인 필요)"
장애청소년 여가활동 멘토링 봉사자 모집,경기,수원시,남,"장애청소년 여가활동 멘토링 봉사자 모집1. 일 시 : 월 1회 이상, 장애청소년과 일정 논의2. 장 소 : 가정 및 외부3. 대 상 : 지적장애 3급 청소년4. 내 용 : 축구 및 자전거 및 다양한 여가활동5. 문 의 : 지역복지팀 031-548-5616※ 자원봉사희망자 정보는 신청자와 관리센터만 볼 수 있습니다.(로그인 필요)"
"★ 중증장애인 학습지원(한글, 숫자, 스마트폰) 자원봉사자 모집 ★",부산,사하구,여,"안녕하세요. 사하두바퀴장애인자립생활센터입니다 ^^저희 기관에서는 중증장애인을 대상으로 한글 및 통신교육을 진행해주실 자원봉사자를 모집하고 있습니다.봉사 대상자의 집에 방문하셔서 한글, 숫자, 스마트폰 등 기초적이고 간단한 교육을 진행해주시면 됩니다.주로 하단(섬진2차아파트), 신평(한신아파트), 다대포(도개공아파트)에서 교육을 진행하게 되며, 진행 장소 또는 대상자 유형에 따라 선택하실 수 있습니다.자원봉사자분들의 많은 관심과 협조 바랍니다.장 소 : 중증장애인 자원봉사 대상자 자택(선택가능)  1) 하단 : 섬진2차아파트  2) 신평 : 한신아파트  3) 다대 : 도시개발공사 영구임대아파트일 시 : 매 주 토요일(진행 주기나 시간은 전화통화로 협의가능)내 용 : 한글, 숫자, 스마트폰 등 교육 대상자가 희망하는 기초교육대 상 : 중증장애인(여성 3명 / 남성 3명 / 개별 이용자)문 의 : 051)294-1282(자립생활팀 최영훈 팀장)인 원 : 10명※ 자원봉사희망자 정보는 신청자와 관리센터만 볼 수 있습니다.(로그인 필요)"
아현노인복지센터 경로식당 자원봉사자 모집,서울,마포구,공통,"안녕하세요 아현노인복지센터입니다.본 센터는 1995년 개관 이례로 20년 넘게 마포구 지역어르신들의 결식예방을 위해 경로식당을 운영하고 있습니다.요일별 숙련된 개인/단체 봉사팀이 존재하므로 봉사활동이 처음이신 분들도 쉽게 참여하실 수 있습니다.집단급식소 이므로 위생모/위생장갑/위생마스크/앞치마 착용이 필수입니다. (모두 제공함)센터 구조 및 수혜자 어르신의 특성상 1:1 배면배식이 아니기 때문에 건강상의 문제(ex.거동불편, 결핵 등)가 있으신 분은 양해의 말씀드립니다.기타 문의 사항은 본 센터 방문 및 유선상으로 문의 부탁드립니다.▣ 활동시간 : 10:00~14:00 *중식배식시간 11:30~12:30,▣ 활동일자 : 월~금 상시모집 (요일 선택가능, 협의 후 조정)▣ 활동내용 : 경로식당 조리 및 배식 보조, 설거지 및 청소▣ 모집인원 : 개인 혹은 단체 봉사활동에 대한 문의사항 및 신청은 본 센터 직접 방문이나 02-365-3677로 연락주시기 바랍니다.※ 자원봉사희망자 정보는 신청자와 관리센터만 볼 수 있습니다.(로그인 필요)"
부곡복지관 밑반찬 배달 봉사자 모집,경기,안산시,공통,"안녕하세요 부곡종합복지관의 안주희 사회복지사입니다.본 복지관에서는 지역 내 어르신, 장애인 등 거동의 어려움, 경제적 어려움 등으로 결식이 예상되는 대상자에게 매주 밑반찬을 배달하고 있습니다.이에 밑반찬 배달을 함께 해 주실 봉사자님을 모집하고 있으니, 많은 관심과 신청 부탁드리겠습니다!!1. 활동명 : 밑반찬 배달 2. 활동대상 : 지역 내 어르신 등 3. 활동내용 : 밑반찬 배달 4. 모집대상 : 성인 이상 봉사자 5.모집 일정 : 평일 10시 ~ 12:00 6.모집 날짜 : 매주 화요일 6. 문의 : 안주희 사회복지사 (031-417-3677)*밑반찬 배달 활동의 특성상 자가 소유의 차량이 있으셔야 봉사활동이 가능합니다.^^※ 자원봉사희망자 정보는 신청자와 관리센터만 볼 수 있습니다.(로그인 필요)"
여성독거노인자조모임프로그램 자원봉사자 모집,대전,중구,공통,대전기독교종합사회복지관 여성 독거노인 자조모임 프로그램 자원봉사자 모집일시 : 매주수요일 오전 09:30-13:30(4시간)장소 : 대전기독교종합사회복지관(대전 중구 문화동 27번지)내용 : 독거노인 자조모임 프로그램 보조인원 : 1명* 정기적으로 진행되는 활동으로 책임감있게 활동하실 수 있는 자원봉사자를 모집합니다.※ 자원봉사희망자 정보는 신청자와 관리센터만 볼 수 있습니다.(로그인 필요)
서대문장애인종합복지관-행복돌봄밥상,서울,서대문구,공통,"서대문장애인종합복지관에서는 지역사회 내 저소득 고령장애인의 건강한 인생설계를 위한 '행복돌봄밥상'을 진행합니다. 이에 지역 내 고령장애인의 건강한 삶 지원 및 사회적 돌봄 실현에 함께 할 전문돌봄지원단을 모집하고자 하오니 많은 참여 부탁드립니다.  가. 모집내용 : 전문돌봄지원단 모집 나. 활동내용 : 고령장애인 가정에 방문하여 교육내용 지원 및 반찬전달 다. 교      육 : 월 1회 손마사지, 안마 교육 진행(고령장애인 가정에서 배운내용 진행하고자 함.) 라. 활      동 : 주 1회 완성된 반찬 전달 및 말벗서비스 실시(1인당 고령장애인가정 2인방문/서대문구 내) 마. 혜      택 : 봉사시간 등록 및 월 2만원 활동비 지원* 문의사항 있을시 02.3140.3046(이수형 사회복지사) 문의바랍니다.** 신청하시고 전화연락 주시면 신속히 반영해 드리겠습니다.※ 자원봉사희망자 정보는 신청자와 관리센터만 볼 수 있습니다.(로그인 필요)"
성동구정신건강복지센터 노인 말벗 봉사,서울,성동구,공통,안녕하세요. 성동구정신건강복지센터에서 우울증 노인 말벗 자원봉사자를 모집합니다. - 장소 : 금호동1가(회원 가정방문) - 방문대상 : 우울증 노인 센터 등록회원 - 진행업무 : 말벗봉사(2인 1조 방문) - 봉사기간 : 2019년 3월 ~ 5월 주 1회 금요일 13:00~16:00 (*정기 방문상담/주말 제외) 자세한 봉사 관련 문의사항은 02-2298-1080 전화 문의 바랍니다.※ 자원봉사희망자 정보는 신청자와 관리센터만 볼 수 있습니다.(로그인 필요)
노인돌봄서비스-반찬 배달,경남,거창군,공통,"1. 봉사일자 : 2019-02-21~2019-12-312. 봉사장소 : 거창군 관내 1읍, 11개면3. 봉사내용 : 노인돌봄서비스-반찬 배달※ 자원봉사희망자 정보는 신청자와 관리센터만 볼 수 있습니다.(로그인 필요)"
가사지원 봉사자 모집,경기,오산시,공통,"<오산장애인종합복지관  봉사자 모집>오산시 금암동에 위치한 오산장애인종합복지관입니다.복지관에서는 장애인가정에게 주거환경개선 가사지원(청소,정리정돈, 세탁등)을 진행하고 있습니다.장애인가정에 가사지원 도움을 줄 봉사자를 모집하니 많은 관심부탁드립니다.* 봉사기간: 2019년 3월-12월(격주/주1회)* 봉사시간: 10시~17시(주 1-2시간) / 시간 조율가능* 봉사내용: 장애가정 가사지원* 봉사장소: 오산장애인종합복지관, 장애인가정* 봉사자연령: 성인 남·여 누구나* 2인 1조로 구성되며 장애가정 매칭 후 진행 (2명의 봉사자가 장애인 가정에 방문하여 활동 진행)* 기타사항: 지속적 봉사활동 참여자를 모집합니다.※ 자원봉사희망자 정보는 신청자와 관리센터만 볼 수 있습니다.(로그인 필요)"
이미용봉사,경기,동두천시,공통,안녕하세요.저희는 어르신들과 하루하루를 즐겁게 지내는 노인주간보호센터입니다.우리 어르신들 미이용관리를 해 주실 마음이 따스한 봉사선생님을 모십니다.월 1회 정기방문을 통해 어르신들을 더욱 예쁘고 멋지게 빛내 주실 선생님을 기다리겠습니다.부담없이 연락주세요^^감사합니다.※ 자원봉사희망자 정보는 신청자와 관리센터만 볼 수 있습니다.(로그인 필요)
경산시정신건강복지센터 [2019 마음건강백세] 맘 보듬이 자원봉사자를 모집합니다.,경북,경산시,공통,"경산시정신건강복지센터에서 '2019 마음건강백세 사업' 맘 보듬이 자원봉사자를 모집합니다.지원방법 : 경산시정신건강복지센터  홈페이지(http://www.gsmind.or.kr/) 하단 맘 보듬이(자원봉사자) 배너 클릭 → 신청서 작성 후 gsmhc@hanmail.net 으로 발송하시면 됩니다. ( 개인정보 취급 동의 안내는 '동의함'에 꼭 체크해주세요. 직업란에 학생이시면 전공과도 함께 적어주세요.)봉사내용 :  - 경산 관내 65세 이상 노인 척도 검사 시행 보조 -               검사지에 관한 내용 교육받은 뒤, 상담 장소(마을회관)으로 함께 이동하여 65세 이상 노인 척도 검사 실시함.               경산시정신건강복지센터 담당 직원과 함께 차량으로 이동할 예정임.일      정 : 3월에서 6월 중 평일에 실시 할 계획입니다. 일정 조율 가능합니다.혜      택 : VMS 봉사활동 실적 인정.              자원봉사교육 및 슈퍼비전 제공.？ 해당 자원봉사는 사업 지침 상 사회복지, 심리학, 간호학 전공자만 가능합니다.？ 봉사활동에 대해 궁금한 점이 있다면 053)816-7190으로 연락주세요. 많은 신청 바랍니다.※ 자원봉사희망자 정보는 신청자와 관리센터만 볼 수 있습니다.(로그인 필요)"
이미용자원봉사자 모집,대전,대덕구,공통,함께해주실 이미용 자원봉사자분을 모집합니다~^^중리종합사회복지관에서는 매 월 첫째 주 수요일마다 지역주민을 대상으로 이미용서비스가 진행되고 있습니다.평소 함께 하였던 봉사자분의 개인사정으로 봉사하실 분이 필요한 상황입니다.이에 다음과 같이 봉사자분을 모집하고 있사오니 많은 관심과 참여 부탁드려요!- 일시: 매 월 첫째 주 수요일 9시~12시- 장소: 중리종합사회복지관 3층 강당- 내용: 이미용봉사- 필요인원: 2명 ※ 자원봉사희망자 정보는 신청자와 관리센터만 볼 수 있습니다.(로그인 필요)
어르신 한글교육 자원봉사자를 모집합니다.,부산,해운대구,공통,※ 자원봉사희망자 정보는 신청자와 관리센터만 볼 수 있습니다.(로그인 필요)
북부종합사회복지관 도시락배달 자원봉사자를 모집합니다. ,서울,노원구,공통,북부종합사회복지관 도시락배달 자원봉사자 모집합니다^^지역 내 저소득 취약계층을 위해 따뜻한 도시락을 매일 정성스럽게 배달해주실 자원봉사자 여러분들을 모십니다.- 봉사 활동 요일 및 시간평일 : 월 ~ 금 매주 1회 원하는 요일 오후 3시 ~ 오후 5시 사이 복지관으로 방문하여 도시락 수령 후 활동 진행토요일 : 매주 토요일 오전 10시 ~ 오후 11시 50분 사이 복지관으로 방문하여 도시락 수령 후 활동 진행- 봉사 활동 방법1) 복지관에 들려서 도시락을 수령한다.2) 해당 어르신 가정으로 방문하여 도시락을 배달한다.3) 도시락 배달 후 빈도시락을 수거한다.4) 빈도시락을 복지관으로 가지고 돌아온다.5) 자원봉사자 일지를 작성 후 귀가한다. - 문의 : 북부종합사회복지관 복지서비스팀 02-934-7711~5여러분들의 많은 참여 부탁드립니다^^※ 자원봉사희망자 정보는 신청자와 관리센터만 볼 수 있습니다.(로그인 필요)
재가노인식사배달,전남,보성군,공통,"매주 화, 금요일 보성관내 65세 독거노인 식사배달2인 1개조 (차량운전, 나눔봉사) 구성되어 대상자 가가호호 식사배달보성읍, 노동미력, 북부4면(겸백,율어,복내,문덕), 조성, 득량, 웅치, 회천 7개조 편성각 조별 10~15가구 내외07:00~ 식사배달 시작※ 자원봉사희망자 정보는 신청자와 관리센터만 볼 수 있습니다.(로그인 필요)"
2019년 준사례관리자 『또바기』 신규 자원봉사자 모집,경기,군포시,공통,"2019년 준사례관리자 『또바기』 신규 자원봉사자 모집 1. 모집개요- 모집기간 : 2019. 03. 15(금)까지 모집- 모집인원 : 총 5명2. 신청방법- 신청자격 : 사회복지학과로서 사회복지 현장실습 완료한 대학생- 복지관 홈페이지 공지사항에(하단) “또바기 활동신청서” 다운 (www.gayawel.or.kr)- 신청서 작성 후 e-mail로 제출 (E-mail: gayawel@daum.net)※ 메일 제목 예시 : 준사례관리자 또바기 활동신청서_홍길동3. 활동 내용- 당사자 가정방문 및 안부확인- 당사자 정서지원 활동계획 및 실행- 재사정 상담 및 분기별 통합사례회의4. 활동 후 장점- 사례관리 업무를 통해 사례관리 진행과정을 직접 경험할 수 있는 기회- 사례관리 기록법을 학습할 수 있는 기회- 20회 이상 활동 및 기타 일정 참여 시 수료증 부여- 소정의 준사례관리자 활동？교통비 지급5. 문의사항 031-395-4894(사례관리팀 한청규 복지사)""마을 안에서 사례관리하기""지역사회 속에서, 당사자와 꾸준히 공감하며, 강점을 발견하고 함께 발전할 수 있는 기회!서로 가치 있는 추억을 나누고, 훈훈한 감동이 있는 이야기를 만들고 싶다면 꼭 신청해주세요!※ 자원봉사희망자 정보는 신청자와 관리센터만 볼 수 있습니다.(로그인 필요)"
목욕봉사,부산,연제구,여,"부산도우누리 주간보호센터에서 매주 수요일 어르신들 목욕시간에 함께 도와주실 봉사자님을 모집합니다.시간은 오후 1시~4시, 12명 내외로 목욕 진행하며 어르신들의 옷 탈의와 목욕 보조, 목욕 끝나신 분들 케어를 해 주시면 됩니다.여자어르신들이라 봉사자님도 여성분으로 모집하고자 합니다.많은 지원 부탁드립니다. ※ 자원봉사희망자 정보는 신청자와 관리센터만 볼 수 있습니다.(로그인 필요)"
2019 거동불편노인 식사배달봉사,대전,서구,공통,"2019년 '거동불편노인 식사배달봉사' 봉사자를 모집합니다. (상시)1. 일     시 : 월~금(공휴일 제외), 9:30~11:30 / 원하시는 요일에 봉사활동 가능합니다.2. 장     소 : 월평동 월평주공아파트 1단지 내 아파트 월드비전 한밭종합사회복지관3. 내     용 : 거동불편어르신들에게 도시락 배달, 1일 4명까지 자원봉사 신청가능4. 신청방법 : 전화신청  (T: 042-484-5325)봉사？동 가능하신 분은 많은 연락 및 참여 부탁드립니다~^^* 주소: 대전광역시 서구 월평북로 11 (1단지내) 한밭종합사회복지관 ※ 자원봉사희망자 정보는 신청자와 관리센터만 볼 수 있습니다.(로그인 필요)"
찾아가는 공부방(관저동),대전,서구,공통,북한이탈주민 아동청소년 가정방문 멘토링(학습지원)을 도와주실 자원봉사자 선생님을 모집합니다.한글학습지원이며  중국어 가능자궁금하신 사항은 담당자에게 문의 바랍니다.※ 자원봉사희망자 정보는 신청자와 관리센터만 볼 수 있습니다.(로그인 필요)
찾아가는 공부방(유성),대전,유성구,공통,북한이탈주민 아동청소년 가정방문 멘토링(학습지원)을 도와주실 자원봉사자 선생님을 모집합니다.반석동 : 중(남)2명(중국어 가능자)궁금한 사항은 담당자에게 문의 바랍니다.※ 자원봉사희망자 정보는 신청자와 관리센터만 볼 수 있습니다.(로그인 필요)
찾아가는 공부방(판암동),대전,동구,여,북한이탈주민 아동청소년 가정방문 멘토링(학습지원)을 도와주실 선생님을 모집합니다.궁금한 사항은 담당자에게 문의 바랍니다.※ 자원봉사희망자 정보는 신청자와 관리센터만 볼 수 있습니다.(로그인 필요)
컴퓨터교육 봉사자 '정보화요원단' 모집 ,충북,청주시,공통,"<정보화교육 봉사자 '정보화요원단' 모집>■활동내용 : 컴퓨터교육을 희망하는 장애가정(아동, 노인 등)에 컴퓨터기초, 한글문서, 인터넷 등 기본적인 컴퓨터 활용 교육 실시                 (컴퓨터관련자격증 무관, 기초실력 있으면 누구나 가능)■봉사장소 : 컴퓨터 교육을 희망하는 장애가정에 방문하여 진행(가경동, 모충동, 사천동, 수곡동, 죽림동 등)■봉사일정 : 3월 ~ 6월 / 대상자 교육 요일 및 시간 조율(주말or평일 모두 가능)■봉사시간 : 주1회 2시간 ※교통비 지급 ■문      의 : 충북장애인재활협회 담당 윤진아 043-252-9720※ 자원봉사희망자 정보는 신청자와 관리센터만 볼 수 있습니다.(로그인 필요)"
이동목욕 자원봉사자 모집합니다.,경남,진주시,공통,복지관 내 이동목욕차량을 이용하여목욕서비스를 필요로 하는 어르신 댁을 찾아가 2인 1조로 목욕을 시켜 드리는 봉사활동입니다.활동일시는 매주 화 / 목요일 오후 2시 부터 5시까 입니다.많은 관심과 참여를 부탁드립니다! ※ 자원봉사희망자 정보는 신청자와 관리센터만 볼 수 있습니다.(로그인 필요)
한가족 만들기 가족 봉사단 활동,서울,관악구,공통,"관악노인종합복지관에서 한가족 만들기 가족단위 봉사자를 모집합니다.주 활동은 1세대 독거 어르신과 한가족을 이루어 월 1회(매월 둘째 주 토요일) 프로그램을 진행합니다.월별 세부 내용으로는 어르신과 함께 복지관을 방문하여만들기 프로그램과 어버이날 및 한가위 행사 등으로 구성되어 있습니다. 또한 월 1회 복지관 프로그램 참석 외에 개별적으로 어르신 가정방문하여가정봉사(찾아가는 생신잔치 등)도 진행해주시면 됩니다.독거 어르신의 든든한 가족이 되어 행복한 노후를 보내실 수 있도록함께 해주실 가족 봉사자를 모집하오니 많은 관심과 지원 부탁드립니다.* 봉사활동내용 : 1세대 어르신 한가족 만들기 활동(1·2·3세대 통합 프로그램)* 모집기간 : 2019-02-11~2019-03-03* 봉사일시 : 연중 수시(월 1회 모임)* 신청방법 : vms 신청 또는 전화* 활동 시 혜택 : 봉사시간 부여(가정봉사시간도 인정)* 문의 : 관악노인종합복지관 재가복지사업 안다해, 양윤종 사회복지사(02-888-6145)※ 자원봉사희망자 정보는 신청자와 관리센터만 볼 수 있습니다.(로그인 필요)"
중앙동복지회관 어르신 수학교실 정기봉사자 모집,경기,성남시,공통,"중앙동복지회관에서는 어르신들을 대상으로 수학교실을 진행하고 있습니다. -프로그램명 : 수학교실-일 시 : 2019년 2월~12월 (매주 화요일 10:00~12:00, 주1회 2시간)-장 소 : 성남중앙동복지회관 3층 프로그램실-모집인원 : 2명 이상-내 용 : 어르신 수업지도 및 프로그램 활동보조 등-문 의 : 이상영 사회복지사 (031-747-9544) ※ 자원봉사희망자 정보는 신청자와 관리센터만 볼 수 있습니다.(로그인 필요)"
밑반찬 전달,경기,용인시,공통,"저희 복지관에서는 재가장애인 어르신들을 대상으로 밑반찬 전달에 도움을 주실 자원봉사자 선생님을 모집합니다.활동일시 : 매월 2회 / 수요일, 금요일 16:00 ~ 18:00 (시간되시는 날 아무때나 가능)활동내용 : 재가장애인 밑반찬 전달※ 개인차량 사용이 가능하신 분만 활동 가능관심자의 많은 지원 바랍니다^^※ 자원봉사희망자 정보는 신청자와 관리센터만 볼 수 있습니다.(로그인 필요)"
밑반찬 배달 자원봉사,대구,수성구,공통,"** 우리 청곡종합사회복지관에서는 시지 고산지역의 저소득가정분들의 건강한 식생활을 위해 사랑의 밑반찬 배달을 실시하고 있습니다.지역의 어려운 이웃들에게 따뜻한 밑반찬을 전달해주실 사랑의 배달자원봉사자를 모집합니다.* 봉사일시 : 매월 격주(짝수팀, 홀수팀) 목요일 11:30 - 12:30* 장소 : 대구 수성구 시지일대* 내용 : 복지관에서 밑반찬도시락 수령 후 → 저소득가정에 배달 → 빈 밑반찬도시락 수거 후 복지관 전달* 모집인원 : 3명* 참가자격 : 자가차량 소유자, 운전가능한 자* 기간 : 2019. 2. ~ 장기※ 자가 차량으로 밑반찬 배달하셔야 하니, 이 점 참고부탁드립니다. * 관심 있으신 분은 부담 없이 연락주세요 신청 후, 꼭 복지관으로 확인 전화주시시면 감사드리겠습니다.  (☎053)793-9411 담당자 : 박지훈)※ 자원봉사희망자 정보는 신청자와 관리센터만 볼 수 있습니다.(로그인 필요)"
본오종합사회복지관 밑반찬 배달서비스 봉사자 모집,경기,안산시,공통,"밑반찬 배달서비스 봉사자를 모집합니다!1. 활동기간 : 매주 화요일, 금요일 11시~12시 [주1회, 주2회 가능]2. 활동내용 : 신체결함 및 경제적 부담 등으로 기본적인 식생활이 어려운 저소득 어르신들을 대상으로 주 2회 밑반찬 배달서비스 제공3. 활동장소 : 본오동 및 사동 밑반찬 대상자 가정4. 문의 : 070-4860-9705※ 자원봉사희망자 정보는 신청자와 관리센터만 볼 수 있습니다.(로그인 필요)"
기초생활수급자 가정 정리정돈방법 ,서울,중구,여,6세와 7세 아동을 둔 기초생활수급자 4인 가족의 집안을 정리하는 법을 꼼꼼하게 현장지도 해주실 분을 찾습니다.주1회 2-3시간 총 6-7회 정도 소요될 것 같습니다.※ 자원봉사희망자 정보는 신청자와 관리센터만 볼 수 있습니다.(로그인 필요)
이미용봉사자를 구합니다.,대구,달성군,공통,이미용봉사자를 구합니다.한달에 한번  봉사 해주심 됩니다.간절한 도움 부탁합니다. ※ 자원봉사희망자 정보는 신청자와 관리센터만 볼 수 있습니다.(로그인 필요)
토요초등마중물학교,대구,중구,공통,"토요초등마중물학교: 다양한 사회적응활동을 통하여 학령기 장애아동들이 사회생활에 적응 할 수 있는 능력을 향상시키고, 짝꿍 봉사자와의 1:1 활동을 통하여 일상생활 예절능력을 습득하고, 또래친구와의 관계 형성을 통해 대인관계 기술 향상을 도모하며 학교생활적응력강화에 도움을 주고자 합니다.1. 일시 : 2019년 3월 ~ 12월 매주 토요일 09시30분~15시30분2. 대상 : 장애아동(초등학교 4~6학년)3. 봉사시간 :  09시30분~15시30분(6시간)4. 사업내용 : 대구근교 나들이(짝꿍아동과 짝꿍봉사자 1:1활동)5. 점심식사제공6. 선착순모집*짝꿍아동과 즐거운 추억을 함께 쌓을 봉사자 분들을 환영합니다 ^^기타 상세 문의는 담당자(한세영 010-3513-808)에게 연락주세요 ^^(카톡, 문자, 전화 무관) ※ 자원봉사희망자 정보는 신청자와 관리센터만 볼 수 있습니다.(로그인 필요)"
[부산남부아동보호전문기관]멘토링 봉사자 모집,부산,동구,남,"학대피해아동 학습(영어 기본기) 및 정서지원 멘토링 봉사자 구합니다.매주 1회 진행 예정이며, 봉사자와 아동의 하교 시간과 맞춰 조율하여 진행합니다.학업 또는 기타 사유로 중도에 중지하는 것은 되지 않고, 학대피해아동의 특성을 조금이나마 아시는 분이었으면 좋겠습니다.봉사자 남성 한 분을 구합니다. 활동지역은 <동구>입니다.봉사혜택 : 활동비 20,000원과 봉사시간 제공문의 : 부산남부아동보호전문기관 김정원 상담원 (010-7582-0383) 업무중이라 먼저 문자로 연락 남겨주세요.많은 지원 부탁드립니다.※ 자원봉사희망자 정보는 신청자와 관리센터만 볼 수 있습니다.(로그인 필요)"
이미용 봉사자를 모집합니다.,서울,구로구,공통,서울시 구로구 개봉동에 위치한 미소들 주야간보호센터입니다.어르신들께 정기적으로(월 1회) 이미용 봉사하실 분을 모집합니다.실력은 출중하지 않아도~ ^^어르신들을 위하는 마음과 함께하는 마음이면 충분합니다~※ 자원봉사희망자 정보는 신청자와 관리센터만 볼 수 있습니다.(로그인 필요)
조손가정 어르신 정서지원프로그램 '청춘 너나들이',인천,부평구,여,"조손가정 사회적지지망형성을 위한 조부모 매칭 정서지원프로그램<청춘 너나들이> 참여 성인(주부여성) 모집 모집기간 : ~ 2019년 3월 21일(목)모집대상 : 주 1회 지속적인 봉사가 가능한 지역(부평구 삼산동 거주) 주민 10명활동기간 : 2019년 3월 ~ 11월활동내용 : 지역내 조손가정 조부모와 매칭해 안부전화 및 가정방문을 통한 정서지원 서비스 진행, 전체 활동(나들이, 문화체험 등)활동혜택 : 봉사활동 시간 지급활동장소 : 삼산종합사회복지관(부평구 평천로 447, 삼산LH주공아파트 1단지 107동)지원방법 : 복지관 내방 및 전화(032-529-8607)문      의 : 삼산종합사회복지관 지역조직팀 곽희종 ※ 자원봉사희망자 정보는 신청자와 관리센터만 볼 수 있습니다.(로그인 필요)"
장애인가정 활동보조 봉사,서울,마포구,공통,"장애인 어르신 가정에 방문하여 활동보조(간단한 청소 및 집안일, 병원동행, 말벗 등)를 지원해주실 봉사자분을 모집합니다.일정은 어르신과 협의하에 진행될 예정이며, 월2회이상으로 진행해주시면 좋을 것 같습니다.어르신이 건강이 좋지 않아 손발을 사용하시기 어려워 간단한 일상생활업무를 보조해주시면 됩니다.신청 후 010-8581-6129로 문자 남겨주시면 연락드리겠습니다. 감사합니다.  ※ 자원봉사희망자 정보는 신청자와 관리센터만 볼 수 있습니다.(로그인 필요)"
[계양재가노인지원서비스센터] 자차로 밑반찬 전달 차량 봉사자 모집합니다.,인천,계양구,공통,"안녕하세요. 계양재가노인지원서비스센터입니다.본 센터에서는 식생활 사업에 따른 밑반찬 전달 자원봉사자를 모집하려고 합니다.많은 관심과 참여 부탁드리겠습니다.-------------------------------------------------------------------------------일시 : 매월 첫째,둘째,셋째 주 목요일(오후 14시 ~ 18시) (거의 고정된 시간)장소 : 본 센터에서 출발하여 각 담당구역(임학병방, 계산동, 효성동)으로 나뉘어 어르신들 댁 방문참고사항 : 어르신댁 특성상 골목길이 많은관계로 경차를 소유하셔서 자차로 봉사가 가능하신 분이었으면 좋겠습니다. 기타 문의사항이 있으신 분들은 계양재가노인지원서비스센터로 연락주시기 바랍니다. (업무시간[09:00-18:00] 내 032-556-0005 / 업무시간(18:00~) 외 010-4081-3407)※ 자원봉사희망자 정보는 신청자와 관리센터만 볼 수 있습니다.(로그인 필요)"
"레크레이션, 프로그램 진행",경기,부천시,공통,"주간보호센터 오후 2시부터 오후3시까지 레크레이션, 프로그램 진행하시는 분 구하고 있습니다.※ 자원봉사희망자 정보는 신청자와 관리센터만 볼 수 있습니다.(로그인 필요)"
[남동구노인복지관] 재가노인 식사배달(차량 및 오토바이 활용 필요),인천,남동구,공통,"남동구노인복지관에서는 저소득 재가노인을 대상으로 결식 예방 및 식상활 개선을 통해 건강증진을 도모하고자 [식사배달사업]을 운영하고 있습니다.본 기관에서는 구월동 및 간석동 지역에 위치한 재가노인 35가구를 대상으로 진행하고 있습니다.매일 오전 10시부터 12시까지 순차적으로 식사배달을 진행하고 있으며, 일부 지역을 대상으로 차량활용이 가능한 자원봉사자를 모집하고 있습니다.요청하는 지역은 차량을 활용해야함에 따라 주차 등이 용이한 간석1동 및 간석4동 지역의 5가구 중 일부, 구월1동 지역에 4가구 중 일부만이라도차량을 활용한 식사배달 봉사자를 모집합니다.활동주기는 정해진 요일에 정기적으로 봉사를 요청하며, 진행방식은 10시 이전에 남동구노인복지관 경로식당에서 준비된 도시락을 수령한 후어르신댁에 가져다드리고, 어제 배달된 도시락통을 회수하여 경로식당에 반납하는 일정입니다. ※ 자원봉사희망자 정보는 신청자와 관리센터만 볼 수 있습니다.(로그인 필요)"
프로그램 업무보조 및 행정지원 봉사자 모집,경북,구미시,공통,강동재가노인지원서비스센터 자원봉사자 모집- 일정 : 주중(월-금) / 봉사시간 선택 가능  (오전9시-12시 / 오후1시-6시)    ※ 점심시간 12시-1시 부터는 봉사 불가 / 종일 봉사시 점심제공 불가 / 주말 봉사 불가  - 장소 : 강동재가노인지원서비스센터 사무실             * 센터 주소 : 구미시 인동가산로 473-38(신동)- 봉사내용 :-재가어르신댁 방문을 통한 안전확인 및 서비스 배달 업무 보조 (노력봉사)-컴퓨터 활용한 전산 입력 등의 각종 사무업무 (컴퓨터 활용 가능자 우대)이외에도 궁금하신 사항은 전화나 이메일 주시면 답변드립니다. 전화번호 473-4008 / 이메일 gangdong4008@daum.net 봉사 신청은 시스템 신청후에 아래 센터번호로 전화를 주셔야 최종적으로 신청완료가 됩니다.  센터번호☎ 473-4008  담당 사회복지사  이승준※ 자원봉사희망자 정보는 신청자와 관리센터만 볼 수 있습니다.(로그인 필요)
[꿈도담터] 초등저학년을 위한 꿈도담터 관리 봉사자 모집,경기,구리시,공통,[꿈도담터] 초등저학년을 위한 꿈도담터 관리 봉사자 모집1) 봉사내용① 등하원 출결확인② 교재교구 관리③ 기타 꿈도담터 관리2) 장 소 : 경기도 구리시 체육관로 74 행정복지센터 5층 꿈도담터3) 활동기간 : 2019년 2월부터~4) 활동시간 : 방학중(1월~2월) 11:00~14:00 또는 16:00~18:00                  학기중(3월~7월) 13:00~15:00 또는 18:00~20:005) 운영시간 : 방학중(1월~2월) 오전 10:00~ 18:00                  학기중(3월~7월) 오후 13:00~ 20:006) 봉사자격 : 구리시거주 성인 (장기간 활동 가능자 우대)7) 문 의 : 031-556-3874 구리시가족센터(통합센터) 부장 남윤실  ※ 자원봉사희망자 정보는 신청자와 관리센터만 볼 수 있습니다.(로그인 필요)
"발달장애인 국어, 수학 학습지원",서울,은평구,공통,"봉사명 : 기초학습 봉사봉사지역 : 은평구(불광동, 응암동) 봉사대상 : 성인발달장애인 31세 남자봉사내역 : 기초학습 봉사              국어 1명(기초 단어 문장, 쓰고 말하기)              수학 1명(수와 셈)활동주기 : 매주 1~2회(요일, 시간은 협의)담당자 : 안성근 (연락처 010-4212-6327)  ※ 자원봉사희망자 정보는 신청자와 관리센터만 볼 수 있습니다.(로그인 필요)"
가정봉사원(유급),인천,미추홀구,공통,"주안역 4번 출구에 있는 '미추홀재가노인센터'입니다.유급으로 가정봉사원 선생님을 모집합니다. * 월40시간 근무(일2H) /시간은 협의가능 / 재가서비스사업 소속 가정봉사원입니다.* 업무는 (한달에 40명) 독립적인 일상생활이 어려운 노인 가정에 가정봉사원이 방문하여 신체활동지원, 가사지원, 정서지원 등의 활동을 하게 됩니다.* 급여는 담당자에게 문의.정기적으로 어르신들께 센터의 얼굴이 되어 활동하면서 센터와 어르신의 연결고리 역할을 잘 해주실 선생님이면 좋겠습니다^^궁금하신 점은 전화 주시면 친절히 안내해드리겠습니다. 감사합니다.※ 자원봉사희망자 정보는 신청자와 관리센터만 볼 수 있습니다.(로그인 필요)"
목욕봉사,부산,남구,공통,"어르신 목욕봉사 해주실 선생님들 모집하고 있습니다.봉사자분들의 따뜻한 손길 기다리고 있습니다.1. 프로그램명 : 어르신 목욕보조2. 일시 : 2019년 1월 31일 ~ (장기봉사활동 모집)3. 장소 : 구세군부산요양원 (대연3동)4. 활동내용- 요양원 내 어르신 목욕보조- 탈의 및 목욕- 목욕 후 물기제거 및 머리 말리기, 옷 입혀드리기 ※ 자원봉사희망자 정보는 신청자와 관리센터만 볼 수 있습니다.(로그인 필요)"
미술교육재능기부 봉사자 모집 ,울산,울주군,여,"울주군지적장애인자립지원센터는?- 발달장애인과 그 가족을 대상으로 상담지원, 자립생활지원, 권익옹호, 사회참여 등을 지원하는 종합적인 사업수행을 통해 발달장애인의 자립생활과 권익옹호를 목적으로 설립된 곳입니다.1. 사 업 명 :  발달장애인 자립훈련기술사업 ""재능 키우기""2. 활동내용 : 그림을 배우고 싶어하는 지적장애인에게 미술교육지도.3. 대 상 자 : 성인지적장애인 1명 20대 (여성) / 온산읍 덕신 거주 중 / 대중교통이동가능4. 활동방법 : - 월 1회 또는 2회 (봉사자의 스케줄에 맞출 수 있음)                  - 대상자 집으로 방문하거나, 학원같은곳에서 방문하여 수업을 해주시면 더욱 좋습니다.5. 참고사항 : - 본 센터의 이용자가 그림을 배우고 싶어하지만, 가정형편(경제적)이 열악하여 학원을 다니지 못하고 있습니다.                  - 재능기부를 통해 이용자에게 그림을 배울 수 있는 기회를 제공해주실 봉사자를 찾고 있습니다.                 6. 신청방법 : 전화로 신청바랍니다. 052)227-1517 / 엄지혜 사회복지사 ※ 자원봉사희망자 정보는 신청자와 관리센터만 볼 수 있습니다.(로그인 필요)"
중고등생 교육지도,서울,중랑구,공통,중 고등 학생 학습 지도※ 자원봉사희망자 정보는 신청자와 관리센터만 볼 수 있습니다.(로그인 필요)
초등학습지도,서울,중랑구,공통,초등학생 학습 지도※ 자원봉사희망자 정보는 신청자와 관리센터만 볼 수 있습니다.(로그인 필요)
[홀트복지관] 무료급식소 배달자원봉사자 모집,대구,수성구,공통,"<저소득 독거어르신 및 장애인, 결식아동 무료급식 배달 봉사자 모집>-저희 홀트복지관에서는 지역의 경제적, 신체적 곤란을 겪고 있는 어르신들 및 저소득가정을 위한 도시락 배달사업을 진행 중에 있습니다.이에 도시락 배달을 해주실 봉사자 분을 모집하오니, 많은 참여 부탁드립니다.-모집대상 : 20세 이상 누구나 (자기차량을 소유한 운전 가능자)-모집인원 : 5명 정도-모집기간 : 모집완료시까지-활동일시 : 주 1회활동 (매주 수, 목, 금 중 주1회선택, 10:30~12:00, ※격주 가능)-활동범위 : 범어동, 수성동, 만촌동 지역-활동내용 : 무료급식 도시락 배달 및 빈그릇 수거, 대상자 안부확인-봉사신청방법 : 전화 및 방문접수 (053-746-7501 / 이다겸 사회복지사)※ 자원봉사희망자 정보는 신청자와 관리센터만 볼 수 있습니다.(로그인 필요)"
2019년 굿네이버스 대학생 자원봉사동아리 '너나들이' 모집,서울,영등포구,공통,"○ [2019년 굿네이버스 대학생 자원봉사동아리 '너나들이' 모집] 2019년 한해동안 굿네이버스 서울남부지부에서 활동해주실 굿네이버스 대학생자원봉사동아리 단원을 모집하오니, 아동복지에 관심이 많은 대학생 여러분의 많은 참여 부탁드립니다!▷ 주최사 / 활동명 : 굿네이버스 서울남부지부(영등포아동보호전문기관) / '너나들이' 대학생 자원봉사 동아리▷ 활동내용 - 초등학생 아동 멘토링(월 2회)  : 2인 1조가 되어 격주로 영등포구, 구로구, 금천구 내 학대피해아동 가정방문 및 학습지도  : 일정은 대상 아동과 조율 가능▷ 활동 혜택- vms 자원봉사 시간 인정- 굿네이버스 자원봉사활동 경력인정▷ 지원 방법 :  vms 신청자의 경우 전화신청(02-842-0094 / 김재은 간사)▷ 문의 : 굿네이버스 서울남부지부 김재은 간사※ 자원봉사희망자 정보는 신청자와 관리센터만 볼 수 있습니다.(로그인 필요)"
"발달장애아동 문화체험, 정서지원 대학생 봉사자 모집",인천,계양구,공통,"한울타리 행복한 우리집 : 대학생 봉사자 모집발달장애아동과 짝이 되어 아동 정서지원 및 문화체험을 함께 할 대학생 봉사자를 모집합니다.월 1회 세번째 주 토요일 3월~ 12월 진행됩니다.관련 교육 및 간담회도 함께 진행되니 관심 있는 대학생 , 휴학생 분들은 아래로 연락주세요!문의 : 계양종합사회복지관 복지서비스과 이다영 (032-552-9090, 032-552-3005)※ 자원봉사희망자 정보는 신청자와 관리센터만 볼 수 있습니다.(로그인 필요)"
[광교종합사회복지관] 도시락 배달 봉사자 모집-지역3,경기,수원시,공통,"수원시 영통구에 위치한 광교종합사회복지관에서 '무료급식사업 도시락 배달'에 참여하실 자원봉사자를 모집합니다.일반적인 도시락 배달 봉사와 달리 수원시 영통구 원천동 인근에 거주하시는 분들 중 도시락을 배달하며 지역주민을 만나 유익한 시간을 보내실 수 있는 '마음배달원'을 모집하고자 합니다.^^편하신 평일 오전 시간대에 자원봉사를 하며 새로운 이웃도 만나고 같이 활동하는 마음배달원들과 모임도 함께하는 따뜻한 활동이니 많은 관심 부탁드립니다.주부, 대학생, 중년부부 연령대 상관없이 누구나 참여 가능합니다.- 일시 : 월~금 10:00~12:00 (요일 선택 가능)- 도시락 배달지 : 수원시 영통구 원천동 일대- 도보로 배달 가능※ 자원봉사희망자 정보는 신청자와 관리센터만 볼 수 있습니다.(로그인 필요)"
미추홀노인복지관 이미용 자원봉사자 모집,인천,미추홀구,공통,미추홀노인복지관에서 이미용 자원봉사자를 모집합니다.전문기술이 필요한 봉사이니만큼전문가분들의 많은 지원 바랍니다.자세한 사항은 전화 문의주세요~^^※ 자원봉사희망자 정보는 신청자와 관리센터만 볼 수 있습니다.(로그인 필요)
프로그램 보조 및 족욕 보조 봉사,서울,마포구,공통," 성산노인복지센터는 어르신들이 이용하시는 데이케어센터로 따뜻한 마음과 손길을 나누어 주실 지역의 학생 및 주민 봉사자를 기다리고 있습니다.지역민들의 신선한 공기는 센터를 이용하시는 어르신 및 직원들에게 좋은 자극이 되어 어르신들의 생활을 보다 윤택하게 하는 원천이 됩니다. 아래 자원봉사 중 선택하거나 혹은 사정에 따라 봉사내용 및 시간을 조정할 수도 있습니다.자원봉사 구분시간상세내용1.프로그램 보조 봉사(미술치료)10:00~12:00(2시간)(토요일)-치매어르신들의 인지활성화를 위한 전문 강사의 미술치료시간, 프로그램 보조2.식사 봉사12:00~14:00(2시간)(토요일)-어르신들의 식사 배식 및 도움이 필요한 어르신의 식사 보조-손마사지를 통한 말벗3.발마사지 봉사14:00~16:00(2시간)(토요일)-발마사지를 통한 커뮤니케이션 도움※ 자원봉사희망자 정보는 신청자와 관리센터만 볼 수 있습니다.(로그인 필요)"
도시락 배달 봉사자 모집,대구,중구,공통,봉사자 모집결식이우려되는 저소득 재가어르신들에게 사랑과 도시락을 전달해주실 봉사자분들을 모집합니다1. 운영 시간 : 매일 오전10시 ~ 12시(2시간)2. 우대 사항 : 운전가능자3. 사업 내용 : 재가어르신 도시락 배달4. 매일 하지 않더라도 평일중 하루만 봉사활동을 할 수 있습니다. 친구와 함께 해보시면 좋을것같아요^^ ※ 자원봉사희망자 정보는 신청자와 관리센터만 볼 수 있습니다.(로그인 필요)
장애인주간보호센터 봉사자모집,부산,수영구,공통,"해찬장애인주간보호센터 자원봉사자 모집활동기간 : 2019년 1월 22일 ~ 12월 31일, 매주2~3회, (시간 및 요일 조정가능)인정시간 : 11:30~15:30(4시간)활동내용 : 뇌성마비장애인 식사보조 및 프로그램 진행보조연락처 : 051-331-4255 ※ 자원봉사희망자 정보는 신청자와 관리센터만 볼 수 있습니다.(로그인 필요)"
<多공감프렌즈의 아름다운 동행> 다문화가족 1:1멘토링 활동 멘토 모집,서울,송파구,공통,"송파구송파구건강가정·다문화가족지원센터에서는 결혼이주민 및 다문화가정 자녀의 학습과 정서 지도를 위한 멘토링 활동을 함께 할 멘토를 모집하고자 합니다.  1. 모집기간 : ~2019. 02. 15(금)2. 활동기간 : 2019. 03~2019. 123. 모집인원 : 20세 이상 성인 00명(송파구 거주자 우선 선발)4. 활동내용   가. 연중 계획되어 있는 멘토링활동 관련 O.T·교육 및 소그룹모임 참여     ☞ 봉사활동의 일환   나. 활동 기간동안 1주일에 1번씩(최소 1시간 이상) 초·중등 멘티에게 정기적으로 학습지도를 통한 멘토링 활동 실시5. 활동장소 : 멘티의 집, 도서관 등 개별장소7. 신청방법    ☞ 송파구다문화가족지원센터 홈페이지(http://songpagu.liveinkorea.kr) 접속     ※ 네이버, 다음 등 포털사이트에서 [송파구다문화가족지원센터] 검색 후 접속도 가능     1) 홈페이지 좌측 중앙 [프로그램안내]의 “2019년도 多공감프렌즈의 아름다운 동행 멘토링 활동 멘토 모집 안내 확인     2) 알림마당-자료실 내 '2019년도 多공감프렌즈의 아름다운 동행 멘토링활동 신청서’의 멘토 신청서 다운 및 작성 후 이메일로 접수        ☞ 이메일 : songpada@hanmail.net8. 문 의 : 남보경(02-403-3844)다문화가족 1:1멘토링 활동은 자녀학습지도를 매개체로 멘티들이 한국생활에 잘 정착할 수 있도록 지원하는 관계 위주의 활동입니다.관계를 기반으로 하여 이루어지는 활동인만큼 활동 기간동안 정기적으로 꾸준한 활동이 가능한 분들의 많은 관심과 신청을 바랍니다.10개월동안 지속적인 활동이 가능해야 하며, 봉사활동시간 인증(VMS)이 가능합니다. ※ 자원봉사희망자 정보는 신청자와 관리센터만 볼 수 있습니다.(로그인 필요)"
문화학습멘토링 멘토,서울,성북구,공통,"길음종합사회복지관에서는 아동청소년에게 희망학습에 대한 학습멘토링을 지원하고, 진로를 실현할 수 있는 문화멘토링을 함께 할 수 있는 대학생 멘토 선생님을 모집하고 있습니다. 지속적인 활동 및 멘토로서의 역할모델이 가능한 대학생분들의 많은 관심과 신청부탁드립니다. [문화학습멘토링 7기 ‘우리,함께’ 참여 멘토 모집] ▣ 모집부분 : 문화학습멘토링 7기 멘토 15인 ▣ 활동기간 : 2019년 3월 ~ 12월 (10개월, 최소 월 4회/주 1회 이상) ▣ 참여대상- 멘토(15명) : 지속적인 활동 및 멘토로서의 역할모델이 가능한 대학생 봉사자- 멘티(15명) : 문화 및 학습 기회가 부족한 행복지원센터 아동？청소년 ▣ 활동내용 : 학습멘토링 주 1회 / 문화멘토링 월 1회 (최소기준) - 월 4회 이상, 직접 만남을 통한 문화학습멘토링 활동 실시(학습멘토링 ex 수학, 영어, 과학, 미술, 중국어 등) - 멘티의 개인별 진로적성검사 해석을 참고하여 진로탐색 수행 - 멘티의 진로탐색을 바탕으로 학습목표 및 문화활동 월별 계획 수립 - 멘토-멘티가 작성한 월별 활동을 계획을 토대로 학습활동 및 문화활동 진행 * 매주 일정 및 장소는 멘티와 상의하여 자유롭게 진행 가능!* 활동일지 작성 및 온라인 카페 업로드 - 담당자 활동일지 점검 및 피드백 (월 1회) ▣참여멘토 지원내용- 자원봉사확인증 발급- 문화학습멘토링 7기 참여 멘토 수료증 발급- 소정의 활동비 지급 ▣ 주요일정공유▶ 1~2월 : 멘토 및 멘티 모집▶ 2~3월 : 멘토 및 멘티 사전모임 (사전 교육 / 매칭 결연 - 월별계획안 수립 / 발대식)▶ 8월 : 활동점검(중간평가)▶ 12월 : 활동종결(해단식) ▣ 신청방법 : 1. 서류제출(2/20 접수마감) : 2019년 멘토링 신청카드 접수* 신청서 확인 : 길음종합사회복지관 홈페이지 공지 확인 (첨부파일 : 2019년 멘토리 신청카드)* 홈페이지 : http://www.guswc.org/bbs/board.php?bo_table=notice&wr_id=902* E-mail : kil0161@naver.com 이메일 접수2. 면접 : 접수 기한 내 서류전형 합격자에 한하여 개별면접 진행 ※ 담당자 문의 : 02-6315-6411 최연화 사회복지사 ※ 자원봉사희망자 정보는 신청자와 관리센터만 볼 수 있습니다.(로그인 필요)"
사랑의한가족<이불빨래 해결해dream사업>,대구,중구,공통,사랑의 한가족<이불빨래 해결해dream사업>1. 일시 : 2019년 3월 ~ 12월 매주 수요일 오후1시~5시2. 대상 : 중구지역 내 이불빨래가 필요한 저소득 취약가구3. 봉사시간 : 4시간4. 사업내용 : 중구지역 내 저소득 취약가구 5세대에 세탁물 수거(2인 1조)5. 세탁물 수거 후 간식제공6. 선착순모집※ 자원봉사희망자 정보는 신청자와 관리센터만 볼 수 있습니다.(로그인 필요)
재가목욕 봉사자 모집 안내,전남,무안군,공통,"무안군장애인종합복지관에서는 재가 장애인 목욕서비스를 위하여 남녀 봉사자를 모집합니다. 거동이 불편하여 댁에서 머무르고 계시는 장애 어르신들이 목욕할 수 있도록 도움을 주시면 감사하겠습니다. 봉사는 매주 목욕일 오전 10시~12시, 오후 14시~16시 사이에 이루어집니다.※ 자원봉사희망자 정보는 신청자와 관리센터만 볼 수 있습니다.(로그인 필요)"
국밑반찬 조리 및 배달,대구,달성군,공통,"단비노인복지센터에서는 화원, 옥포 일대의 결식우려 독거어르신에게 국밑반찬을 조리하여 지원해드리고 있습니다.1. 일시 : 매월 3셋째주 토요일 국밑반찬 조리 봉사 (09:00 ~ 13:00 4시간) 배달봉사 ( 12:00 ~ 15:00 3시간)2. 장소 : 대구광역시 달성군 화원읍 성화로 13 수경기억학교3. 내용 : 국밑반찬 조리 및 배달(차량소유자) * 배달봉사자는 자차로 운전가능하신분을 모집하고 있습니다.* 정기적인 봉사활동이 가능하신분을 모집합니다. * 단비노인복지센터 053)643-2013※ 자원봉사희망자 정보는 신청자와 관리센터만 볼 수 있습니다.(로그인 필요)"
밑반찬 및 명절음식 배달봉사,경기,광명시,공통,2019년 밑반찬 배달 자원봉사자 모집-일정:2019년 재무 목요일(공휴일 시 그 전달) 오전 11시 30분~오후 2시-장소:광명장애인종합복지관-내용:광명시 거주 재가장애인들을 대상으로 밑반찬 배달 봉사-대상: 차량 운전이 가능하신 분(별도의 차량이나 유류비는 제공되지 않습니다)-문의: 070-4510-3641 최예슬(점심식사시간인 12시 30분~1시 30분에는 받지 못합니다.)※ 자원봉사희망자 정보는 신청자와 관리센터만 볼 수 있습니다.(로그인 필요)
자원봉사자를 모집합니다,광주,북구,공통,"1) 봉사일자: 수시로 언제든지 가능 (주말 제외)2) 봉사대상 : 재가노인지원서비스 대상자3) 봉사내용 : 대상자 각 가정 안부확인, 혈압측정, 특화프로그램 진행 보조4) 문의사항 : 062-267-5309 최효정 사회복지사※ 자원봉사희망자 정보는 신청자와 관리센터만 볼 수 있습니다.(로그인 필요)"
주야간보호센터 봉사자 모집,서울,강북구,공통,구립 미아실버데이케어센터는 어르신을 대상으로 프로그램 및 일상생활을 지원하고 모셔다 드리는 주야간보호센터입니다.프로그램 진행시 강시님 또는 선생님들의 보조역할과 문서정리 등을 해주실 봉사자를 모집하고 있습니다.평일과 토요일에도 운영하고 있으니 자원봉사자 여러분의 많은 지원 부탁드립니다.자격요건※ 자원봉사희망자 정보는 신청자와 관리센터만 볼 수 있습니다.(로그인 필요)
이동지원,서울,영등포구,여,독거여성으로 은행 등 외출 시 이동지원 필요※ 자원봉사희망자 정보는 신청자와 관리센터만 볼 수 있습니다.(로그인 필요)
밑반찬배달서비스 반찬준비 및 청소,충남,천안시,공통,1. 봉사일자 : 2019-01-16~2019-12-312. 봉사장소 : 센터 및 어르신댁 방문3. 봉사내용 : 밑반찬배달서비스 반찬준비 및 청소※ 자원봉사희망자 정보는 신청자와 관리센터만 볼 수 있습니다.(로그인 필요)
사랑의 도시락 배달 운전 자원봉사,인천,연수구,공통,"*활동명: 사랑의 도시락 배달 운전 자원봉사활동*활동내용: 연수구 내 결식아동가정에 도시락 배달 운전만 해주시면 됩니다. 배달봉사자는 따로 있습니다.*활동일시: 1월 21일~ 평일 오후(공휴일 제외)*활동시간: 오후 4시~6시*자격요건: 운전이 가능한 분, 운전을 잘하시는 분              요일은 지정 가능하며 정기적인 봉사가 가능한 분 모십니다. *문의전화: 070-4340-8018 정경남사회복지사궁금한 사항은 전화로 물어보세요 ^^※ 자원봉사희망자 정보는 신청자와 관리센터만 볼 수 있습니다.(로그인 필요)"
성인발달장애인 기초학습 봉사,서울,은평구,공통,"봉사명 : 기초학습 봉사봉사지역 : 은평구(불광동, 응암동) 봉사대상 : 성인발달장애인 31세 남자봉사내역 : 기초학습 봉사(초등학교 수준)              국어 1명(기초 단어 문장, 쓰고 말하기)              수학 1명(수와 셈)활동주기 : 매주 1~2회(요일, 시간은 협의)담당자 : 안성근 (연락처 010-4212-6327)  ※ 자원봉사희망자 정보는 신청자와 관리센터만 볼 수 있습니다.(로그인 필요)"
직업적응훈련시설 대학생 정기봉사자 모집,서울,금천구,공통,직업적응훈련시설 SG블루웰입니다.SG블루웰은 2016년 설립되어 발달장애인의 직업적응 훈련 및 취업지원 서비스를 제공하고 있습니다.장애인직업재활 학과 관련 정기 봉사자를 모집합니다.장애인직업재활시설에서의 자원봉사로 다양한 경험을 쌓고 싶으신 대학생 및 휴학생분들의 많은 관심 부탁드립니다. ※ 자원봉사희망자 정보는 신청자와 관리센터만 볼 수 있습니다.(로그인 필요)
선린종합사회복지관에서 독거노인 가정에 밑반찬을 배달해주실 봉사자님을 모집합니다.,대구,북구,공통,"선린종합사회복지관에서는 대구 북구 칠곡 지역에 거주하시는 독거노인, 재가장애인 등지역사회 소외 계층을 대상으로 밑반찬을 배달해주실 봉사자 분을 모집합니다.□ 모집대상 : 대구 북구 칠곡 지역 밑반찬 배달이 가능하신 분□ 활동시간 : 매주 금요일 11:00~13:00□ 실시대상 : 대구 북구 칠곡지역에 거주하시는 독거노인, 재가장애인 등□ 모집인원 : 총 3명□ 활동주기 : 주 1회 매주 금요일□ 활동내용 : 독거노인, 재가장애인 가정 밑반찬 배달(약 6개 가정)□ 모집인원 : 총 3명□ 장 소 : 북구 관음동로9길 10-25, 선린종합사회복지관□ 신청방법 : 봉사활동 신청 후 010-6530-8116으로 아래와 같이 문자전송 부탁드립니다. ^^ 예시) 홍길동/남/22세/밑반찬배달□ 문 의 : 선린종합사회복지관 담당자 권도완 - 연락처 : 010-6530-8116, 053-323-2297 - 이메일: jsmfan777@naver.com※ 자원봉사희망자 정보는 신청자와 관리센터만 볼 수 있습니다.(로그인 필요)"
식사배달 자원봉사자 모집,부산,기장군,공통,"기장군노인복지관에서  식사배달 봉사자를 모집합니다.남, 녀 상관 없이 우리 지역주민들께 따뜻한 손길을 나누어 주실 분 누구나 환영합니다.1. 봉사 시간 : (식사배달) 월, 화,수, 목.금 중 주 1회 09:30~12:00 /2. 자격 요건 : 서비스 대상자 어르신에게 따뜻한 손길을 나누어 줄 수 있는 분 누구나 3.. 대상 : 독거어르신 중 거동이 불편하고 결식우려가 있는 대상자4. 내용 : 주택가 및 아파트 단지 도시락 배달5. 기타 : 운전가능하신분, 2인 1조로 봉사 가능함, 봉사 후 복지관에서 제공되는 점심도 무료로 제공하여 드립니다.문의 사항은 기장군노인복지관 담당자 이현미(792-4819)로 문의 주시면 감사하겠습니다※ 자원봉사희망자 정보는 신청자와 관리센터만 볼 수 있습니다.(로그인 필요)"
보은노인복지센터 자원봉사자 모집,대구,서구,공통,"안녕하십니까. 보은노인복지센터는 재가노인지원, 방문요양, 방문목욕, 노인돌봄 서비스를 제공하고 있는 기관입니다. 2019년 정기 자원봉사자를 모집하오니 많은 신청 부탁드립니다. 1. 인원모집 : 10명 2. 봉사주기 : 주 1회(일정 조정가능) 3. 봉사일자 : 평일 오전(9시-12시), 오후(14시-16시) 중 선택 4. 봉사내용 : 어르신 방문 말벗 및 전화 말벗, 어르신 가정 도시락 배달, 어르신 후원물품 전달, 어르신 나들이 행사 보조, 사무 업무 보조 5. 시설위치 : 대구 서구 국채보상로81안길 8 보은노인복지센터(비산2ㆍ3동주민센터 맞은편, 신익심인당ㆍ신익유치원 정문 안 쪽) 6. 봉사문의 : 신동철 선임 사회복지사(010-4729-4548) * 일정 및 시간 조정 가능하니 주저하지 마시고 문의 문자 및 전화 연락 주세요! * 원하시는 봉사 분야가 있으면 미리 말씀해주세요!자격요건※ 자원봉사희망자 정보는 신청자와 관리센터만 볼 수 있습니다.(로그인 필요)"
방문이미용서비스봉사,전북,전주시,공통,집에 계신 어르신 가정 방문하여 간단한 컷트 및 손톱손질※ 자원봉사희망자 정보는 신청자와 관리센터만 볼 수 있습니다.(로그인 필요)
학습지도(교육봉사),경기,수원시,공통,"■ 제목: 학습지도(교육봉사) 봉사자 모집■ 기간: 2019년 1월 ~ 6월(매주 목요일 14시~17시)■ 장소: 매산지역아동센터■ 대상: 초등학생 5~6학년 11명■ 내용: 초등학생 학습(국어, 수학)지도■ 문의: 이나희사회복지사(031-224-2282) ※ 자원봉사희망자 정보는 신청자와 관리센터만 볼 수 있습니다.(로그인 필요)"
저소득 재가노인 식사배달사업 동지역 배달 자원봉사활동,충북,청주시,공통,"1. 청주시(내덕동, 우암동 등) 재가 어르신 대상 식사배달2. 자차 이용 가능한 봉사자3. 2인1조 봉사활동 실시4. 주 1회 매주 수요일 활동 9시30분~11시30분(2시간)5. 주 1회 활동 시 유류비 5,000원 지급6. 연중 활동 가능7. 담당: 장지훈 사회복지사 070-4923-9223/216-9810※ 자원봉사희망자 정보는 신청자와 관리센터만 볼 수 있습니다.(로그인 필요)"
재가노인지원서비스 자원봉사자 모집,제주,제주시,공통,"<재가노인지원서비스 활동내용>1. 가사 및 일상생활지원봉사   전화말벗, 의류세탁, 시장보기, 청소 및 주변정리, 외출동행(차량이송), 행정대행, 병원이용, 주부식배달, 목욕, 행사참여, 문화행사나들이 동행 등2. 재능기부봉사   -집수리(도배, 장판교체, 전기수리, 방역, 보일러수리 등)   -이미용   -장수사진   -상담 및 교육 ※ 자원봉사희망자 정보는 신청자와 관리센터만 볼 수 있습니다.(로그인 필요)"
재가세대 도시락 전달 봉사자 모집 ,경남,창원시,공통,"재가세대 식사전달 봉사자 모집- 활동장소 : 마산합포구 일원 - 활동내용 : 저소득 어르신 식사전달 - 활동주기 : 1,4,5주차 - 월요일 - 활동시간 : 11:00~13:00 - 모집인원 : 2명 - 비     고 : 자차 운행 가능자 - 문     의 : 055 221 8445 사회복지사 정영현 ※ 자원봉사희망자 정보는 신청자와 관리센터만 볼 수 있습니다.(로그인 필요)"
독거노인돌봄프로그램 업무 지원 ,부산,동래구,공통,1. 활동내용 : 독거노인돌봄프로그램 업무 지원2. 활동기간 : 2019년 4월 ~ 12월 주 1회(사전교육 8회 포함) (조율가능)3. 활동시간 : 협의후 결정 (봉사자 시간에 맞춰 조율)4. 활동장소 : 동래구 거주중인 독거노인 자택 6. 활동연령 : 20세 이상7. 활동성별: 공통 8. 자격요건        자기 주도적 봉사정신을 가지고 동래구정신건강복지센터와 함께 할 책임감 강한 여러분들의 많은 참여 바랍니다.9. 모집기간 2019 04.01(월)까지※ 자원봉사희망자 정보는 신청자와 관리센터만 볼 수 있습니다.(로그인 필요)
용인시기흥장애인복지관 밑반찬서비스 배송 봉사자 모집 ,경기,용인시,공통,"용인시기흥장애인복지관은 경제적, 신체적인 어려움을 가지고 있는 저소득 장애인을 대상으로 식생활에 필요한 밑반찬을 제공하고 있습니다.이에, 저소득 장애인 가정에 방문하여 밑반찬을 전달해주실 자원봉사자를 모집하고자 하오니 많은 참여부탁드립니다.- 모집기간 : 연중- 활동기간 : 2019년 연중 / 주 1회(목요일 15:30~17:30)- 활동내용 : 개인차량을 활용하여 기흥구 내 저소득 장애인가정에 주 1회(목요일) 반찬 배달 진행- 기타사항 : 활동횟수는 자원봉사자의 사정에 따라 조정될수 있음(월1회 또는 격주 등)                개인 또는 가족, 단체 활동가능- 담당부서 : 지역복지팀 ※ 자원봉사희망자 정보는 신청자와 관리센터만 볼 수 있습니다.(로그인 필요)"
저소득 식사배달 봉사 ,경기,용인시,공통,"저소득식사 배달 사업 봉사자 모집  월~ 금요일 주 5회 도시락 만들기, 배달, 설거지 봉사자를 모집합니다.- 도시락 만들기 : 오전 9시 30분 ~ 11시 30분- 도시락 배달 : 오전 11시 ~ 12시- 도시락 설거지 : 오전 11시 30분 ~ 오후 1시 30분  ※ 자원봉사희망자 정보는 신청자와 관리센터만 볼 수 있습니다.(로그인 필요)"
[운봉장애인주간보호센터] 프로그램 보조 자원봉사자 모집,부산,해운대구,공통,"운봉종합사회복지관 부설 운봉장애인주간보호센터에서 프로그램 보조 해주실 자원봉사자를 모집합니다.우리 센터는 일상생활 및 사회생활을 영위하는데 지원이 필요한 발달장애인에게 낮 시간동안 재활프로그램 및 교육 등의 기회를 제공하고 있습니다.이에 정기적, 비정기적 자원봉사자를 모집하오니 관심있는 분의 많은 참여바랍니다.* 활  동  일 : 평일(공휴일, 센터 휴관일 제외) 09:00-17:00 중 자원봉사자가 활동 가능한 시간* 활동 내용 : 프로그램 보조(색칠공부, 색종이 모자이크, 글씨쓰기, 집단활동, 외부이동시 동행 등)* 혜       택 : 봉사활동 시간 입력, 점심식사 시간 내 활동시 식사제공 등* 기       타 : 우리센터 이용자는 신변처리, 의사소통이 잘 되므로 발달장애인에 대한 거부감 없이 오시면 좋겠습니다.* 문       의 : 봉사활동 신청 후 051-543-3281 로 꼭 전화연락 주시기 바랍니다.※ 자원봉사희망자 정보는 신청자와 관리센터만 볼 수 있습니다.(로그인 필요)"
정보요원단 모집,대구,중구,공통,"저희 협회에서는 재가장애인 정보화능력향상 및 정보접근성향상을 위해 정보화재택방문교육을 실시하고 있습니다.이에, 정보화재택방문교육을 위한 자원봉사자(정보요원단)를 모집합니다.<정보요원단이란, 재가장애인 가정에 방문하여 1대1 컴퓨터교육을 해주는 자원봉사자를 뜻합니다.> - 기간 : 2019년 01월 ~ (상시모집 및 상시매칭/6개월 이상 활동)- 장소 : 재가장애인 가정(대구 전지역)- 내용 : 한글, 엑셀, 파워포인트 등 컴퓨터 기초활용 및 모바일활용 교육          (자격증 없어도 가능합니다~)- 절차 : 전화문의 -> 기관방문 -> 신청서 작성 및 사업설명 -> 대상자 매칭 -> 교육시작- 신청 : 053-256-1304(전화신청)- 전화로 꼭 문의주세요*^^* ※ 자원봉사희망자 정보는 신청자와 관리센터만 볼 수 있습니다.(로그인 필요)"
이미용 봉사,서울,동대문구,공통,"1. 봉사일자 : 2019-03-27~2019-12-312. 봉사장소 : 동대문구 고산자로 4203. 봉사내용 : 이미용 봉사(여자어르신 : 35명, 남자어르신 : 10명)※ 자원봉사희망자 정보는 신청자와 관리센터만 볼 수 있습니다.(로그인 필요)"
사랑의 밑반찬 전달 봉사자(차량)를 찾습니다.,인천,부평구,공통,"매주 수요일 우리 복지관에서는 장애와 경제적 어려움으로식생활 어려움이 있는 재가장애인 가정에 사랑의 밑반찬을 전달합니다.부평동, 삼산동, 산곡동... 부평구 곳곳에 계시는 분들의 식사를 챙기며,한주간의 안부를 확인합니다.거리가 멀다보니 대부분은 사회복지사가 차량으로 전달하며 안부를 살피는데,많은 분들을 만나야하다보니 여유 있게 대화나누기도 마땅치 않습니다.매주, 혹은 한달에 한두번이라도 몇가정에 밑반찬 갖다주며 안부를 물어주는 이웃이 있으면 좋겠습니다.* 봉사활동문의 : 부평장애인종합복지관 권선미 사회복지사(032-512-9200)※ 자원봉사희망자 정보는 신청자와 관리센터만 볼 수 있습니다.(로그인 필요)"
[성민종합사회복지관] 식사배달(도시락) 자원봉사자를 모집합니다.,서울,관악구,공통,"안녕하세요! 저희는 관악구에 위치한 성민종합사회복지관입니다.어르신 가정에 도시락을 배달해드리고, 안부확인을 해주시는 도시락 배달 봉사자와 수거된 도시락을 설거지 해주실 봉사자를 모집하고 있습니다.두 가지 모두 한번에 봉사도 가능합니다. *도시락 배달: 10:00~11:00 가량, 코스에 따라 다를 수 있음*설거지: 13:30~15:00 가량, 단기봉사 가능*두 가지 모두: 10:00~15:00 가량, 중간에 경로식당 봉사 병행, 점심식사 제공 봉사내용에 대해 궁금하신 분은 전화주시기 바랍니다. *02-876-0900 박미솔 사회복지사 ※ 자원봉사희망자 정보는 신청자와 관리센터만 볼 수 있습니다.(로그인 필요)"
공릉어르신복지센터이미용자원봉사자모집,서울,노원구,공통,"구립공릉어르신복지센터에서 ‘이미용 서비스’ 에 재능을 나눠주실 마음 따뜻하고 성실한 자원봉사자를 모집합니다.1. 사업명 : 이미용 서비스2. 일시 : 주 1회 시행 월요일, 화요일, 금요일 시간협의가능3. 장소 : 구립공릉어르신복지센터(서울 노원구 공릉로 129) 2층 이미용실4. 봉사대상 : 기초생활수급자 및 고령(80세 이상) 어르신5. 모집인원 : 5명 이상6. 내용 : 이미용 봉사(컷트, 염색, 파마)7. 자격요건 : 이미용 관련 자격증8. 담당자 : 사회복지사 안선규(T. 948-6274)** 점심식사를 제공해드리며 봉사시간은 VMS를 통해 입력해 드립니다. 궁금하신 사항은 언제든지 연락주세요~^^※ 자원봉사희망자 정보는 신청자와 관리센터만 볼 수 있습니다.(로그인 필요)"
반찬배달_동구지역_매주화요일,인천,동구,공통,매주 화요일 3~5시사이 복지관에서 반찬을 수령하여 동구지역(3군데) 시각장애인가정에 밑반찬을 배달하는 활동입니다. ※ 자원봉사희망자 정보는 신청자와 관리센터만 볼 수 있습니다.(로그인 필요)
[월곡종합사회복지관]준사례관리단 '늘꿈' 5기,서울,성북구,공통,월곡종합사회복지관에서는 사례관리에 대한 열정을 갖고 사례관리 당사자를 위해 열심히 활동할 준사례관리단을 모집합니다.^^1. 활동명: 준사례관리단 ‘늘꿈’ 5기2. 모집대상: 사회복지현장실습을 이수한 대학생 누구나(정원-12명)3. 활동내용  - 사례관리 관련 기초·심화 교육  - 상담 및 아웃리치  - 사례회의 및 서비스 연계  - 친목도모활동  - 사례발표 및 평가회4. 활동기간: 2019년 2월 ~ 12월5. 활동혜택  - 준사례관리단 활동인증서 수여  - VMS 봉사시간 입력  - 사례관리 워크숍 참석  - 사례관리 실무 경험 및 능력 강화  - 친목도모의 기회6. 신청기간: 2019년 1월 ~ 2월(선착순 마감)7. 신청방법: 마을동행팀 김하나 사회복지사에게 전화 신청(070-4825-3804)※ 자원봉사희망자 정보는 신청자와 관리센터만 볼 수 있습니다.(로그인 필요)
 경로식당 자원봉사활동,서울,양천구,공통,"경로식당 자원봉사활동 봉사기간 : 정기 자원봉사자만 활동 가능, 주 1회 (날짜 조정 가능)봉사시간 : 09:00~14:00 (시간 조정 가능)봉사내용 : 경로식당 조리, 정리, 도시락 배달 업무보조연락처 : 02-2690-8762※ 자원봉사희망자 정보는 신청자와 관리센터만 볼 수 있습니다.(로그인 필요)"
도시락 배달 자원봉사자 모집,부산,북구,공통,"금곡종합사회복지관에서 도시락배달 자원봉사자를 모집합니다.- 활동일시 : 2019년 1월 ~ 12월 말까지 평일 오전 10시~11시 (※ 월~금, 주 1회 이상) / 비정기 활동도 가능. / 자차사용 배달 가능- 활동내용 : 어르신 가정 방문 도시락배달(식사 · 밑반찬 · 죽) 및 빈도시락 수거, 어르신 안부확인- 신청방법 : 봉사활동 신청 후 복지관으로 연락주셔야 신청 완료됩니다. (051-365-2211 / 070-5222-8347)- 담당자 : 이영설 사회복지사※ 자원봉사희망자 정보는 신청자와 관리센터만 볼 수 있습니다.(로그인 필요)"
광양용강주야간보호센터,전남,광양시,공통,어르신정서지원(말벗)※ 자원봉사희망자 정보는 신청자와 관리센터만 볼 수 있습니다.(로그인 필요)
밑반찬배달(주1회_매주화요일_2곳),인천,남동구,공통,매주 화요일 3시~5시사이 수령가능하신시간에 복지관에서 반찬을 수령하여 (남동구)지역 시각장애인 2가정에 전달하는 활동입니다.※ 자원봉사희망자 정보는 신청자와 관리센터만 볼 수 있습니다.(로그인 필요)
밑반찬배달(주1회_매주화요일_2곳),인천,서구,공통,매주 화요일 3시~5시사이 수령가능하신시간에 복지관에서 반찬을 수령하여 (서구)지역 시각장애인 2가정에 전달하는 활동입니다.※ 자원봉사희망자 정보는 신청자와 관리센터만 볼 수 있습니다.(로그인 필요)
독거노인 밑반찬 배달,대구,달서구,공통,대구시 달서구 내에 거주 중인 독거노인을 매주 수요일에찾아뵙고 밑반찬을 전달하며 안부를 확인하는 봉사활동입니다. ※ 자원봉사희망자 정보는 신청자와 관리센터만 볼 수 있습니다.(로그인 필요)
[온누리병원] 네일아트 재능기부자,서울,성북구,공통,"안녕하세요. 온누리요양병원 사회복지사 최유나입니다.성북구 돌곶이역 4번출구에서 걸어서 5분정도 걸리는 위치에 있으며 200병상 정도의 남녀 어르신들이 계십니다.다양한 사회복지 재활프로그램(미술치료, 원예치료, 웃음치료 등)으로 어르신들의 윤택한 병상생활을 위해 함께하고 있습니다!현재 네일아트 프로그램을 진행하고 있으나, 중고등학생 봉사자들이 메니큐어를 칠해드리는 정도의 작업만 이뤄지고 있습니다.2019년 상반기에는 전문 재능 기부자를 구하여, 퀄리티 있는 네일아트 프로그램으로 어르신들의 손 위생 청결 관리 및 미용을 위해 함께하고 싶습니다. - 시기 : 2019년 2월 - 7월(6개월간) / 월 1회 둘째주 월요일 오전 혹은 오후 (협의 조정)                  임시로 정한 요일 및 시간 이기에 추후 협의하여 변경 가능합니다. - 장소 : 온누리요양병원 2층 프로그램실            돌곶이역 4번출구에서 도보로 5분정도 걸립니다! - 내용 : 네일아트 재능기부 - 자격 : 별도의 자격은 없으며, 네일아트 관심자 및 전공자 - 준비물 : (메니큐어 보유, 콘센트 사용 가능) ** 문의 : 온누리요양병원 사회복지사 최유나(010-9455-2700)             프로그램으로 인하여 부재중일 경우가 있어, 문자로 연락남겨주시면 바로 답변드리겠습니다!※ 자원봉사희망자 정보는 신청자와 관리센터만 볼 수 있습니다.(로그인 필요)"
장애인목용봉사보조,충남,천안시,공통,"장애인활동지원서비스센터로 주로 재가장애인목욕서비스 보조역할을 하게됩니다. 즉, 수건챙기기, 비누챙기기, 목욕물받기, 부축하기, 이동도움주기, 지켜보기 등등 입니다.※ 자원봉사희망자 정보는 신청자와 관리센터만 볼 수 있습니다.(로그인 필요)"
[광교종합사회복지관] 도시락 전달 자원봉사자 모집-지역2,경기,수원시,공통,수원시 영통구에 위치한 광교종합사회복지관에서 '무료급식사업 도시락 배달'에 참여하실 자원봉사자를 모집합니다.일반적인 도시락 배달 봉사와 달리 도시락을 배달을 통해 이웃을 만나며 의미있는 시간을 보내고자 하시는 봉사자를 모집하고자 합니다.편하신 평일 오전 시간대에 자원봉사를 하며 새로운 이웃도 만나고 같이 활동하시는 봉사자분들과 소통할 수 있는 즐거운 시간입니다.따뜻한 마음을 가진 누구나 참여 가능합니다.^^- 일시 : 월~금 11:00~12:00 (요일 선택 가능)- 도시락 배달지 : 수원시 영통구 광교 휴먼시아 32단지 아파트 내- 도보로 배달- 자원봉사 신청 후 담당자에게 전화 연락 부탁드립니다.(070-4754-9935)※ 자원봉사희망자 정보는 신청자와 관리센터만 볼 수 있습니다.(로그인 필요)
[신목복지관] <긴급!!>도시락조리 및 배달 봉사자 모집합니다.,서울,양천구,공통,"서울 양천구 신정2동에 위치한 신목종합사회복지관입니다.신목복지관에서는 저소득 어르신을 위한 도시락 배달 및 조리 봉사자를 모집합니다.많은 신청 부탁드립니다.1. 활동내용 : 도시락 배달 및 조리 (둘 중 한가지 활동 선택 가능합니다)2. 봉사일시 : 평일 오전 (요일  협의 가능)3. 활동장소 : 신목종합사회복지관 인근 아파트4. 활동인원 : 총 7명5. 자격요건 : 봉사활동에 꾸준하게 참여 가능한 분   양천아파트, 우성아파트의 경우 자차 운전 가능하신 분   그 외 지역은 구르마나 바구니를 통해서 봉사 가능하신 분6. 문의 : 강효손 사회복지사 02-2223-8807(담당자 직통번호) or 02-2643-7222(대표번호)※ 자원봉사희망자 정보는 신청자와 관리센터만 볼 수 있습니다.(로그인 필요)"
[고양시/일산서구] 어르신생신잔치 진행에 도움을 주실 수 있는 봉사자를 모집합니다,경기,고양시,공통,안녕하세요! 우리 문촌9종합복지관에서는 매월 첫째주 금요일에 어르신 생신잔치를 진행하고 있습니다.생신을 축하받으시는 어르신들의 댁에 방문해 선물을 전달하고 이야기를 나눌 수 있는 봉사자를 모집하고자 하오니 많은 관심부탁드립니다.일시: 2019년 매월 첫째주 금요일 오후 1시 이후(시간은 변동 가능)장소: 고양시문촌9종합사회복지관 및 문촌마을 9단지활동내용: 어르신 댁을 방문하여 선물 전달 및 말벗담당자: 석영근 사회복지사(031-917-0202)※ 자원봉사희망자 정보는 신청자와 관리센터만 볼 수 있습니다.(로그인 필요)
미용봉사,인천,남동구,공통,남동구 위치한 봄날요양원입니다.어르신들을  위한  미용 봉사를 원합니다.요일과 시간은 봉사자 선택입니다.연락  주시면 감사하겠습니다.032-425-8001시설장 010-7190-2600※ 자원봉사희망자 정보는 신청자와 관리센터만 볼 수 있습니다.(로그인 필요)
남성노인 목욕탕 동행 및 낙상 예방 봉사활동,광주,동구,남,대인동에 거주하고 계시는 치매 남성 노인입니다.재가 목욕차량 서비스를 이용하고 계시다가 서비스가 마음에 들지 않아서 목욕탕에 가기를 원하십니다.어르신을 모시고 목욕탕에 모셔다 드리면 넘어지지 않도록 붙잡아 드리고 간단히 샤워 할 수 있도록 도와드리면 됩니다.기분 변화가 있을 수 있으니 어르신을 잘 달래드릴 수 있는 능숙한 분이면 좋겠습니다. 상시로 이어지면 좋겠구요비용은 센터에서 해결합니다.※ 자원봉사희망자 정보는 신청자와 관리센터만 볼 수 있습니다.(로그인 필요)
노인주간보호센터 미술수업하실 분 구합니다.,인천,서구,공통,"인천 서구 두드림주간보호센터에서는 어르신들 미술수업을 하실 강사분을 구합니다. 1. 모집대상 : 미술수업강사2. 기간 : 2019년 2월 1일 ~ 2019년 12월 31일3. 주기 : 주 1회 오전 11시~12시(1시간)4. 인원 : 2명5. 기타 : 남녀구분이 없으며 어르신을 좋아하시는 분6. 연락처 ; 032-563-3388,  010-8911-4897(사회복지사)            인천 서구 심곡로78 도시빌딩 2층, 4층, 5층 (국제성모병원앞)※ 자원봉사희망자 정보는 신청자와 관리센터만 볼 수 있습니다.(로그인 필요)"
미술선생님/미술치료선생님,경기,파주시,공통,"초등생16명 중등생6명이 오는 아동센터 입니다.이 아동들에게 미술이라는 시간의 작업활동이 필요한 시기인데,  파주문산근처의 외진곳이라 선생님을 초빙하거나, 자원봉사자를 초빙하기가 어려운 곳이라, 이곳에 올리게 되었습니다.  다문화가족의 아이들과, 맞벌이가정 한부모가정의 아이들에게, 정서지원이 필요한 미술치료및 미술수업을 진행해 주실 선생님을 찾습니다. 주1회 2시간 정도 봉사해주실수 있으신 분의 연락을 기다립니다.※ 자원봉사희망자 정보는 신청자와 관리센터만 볼 수 있습니다.(로그인 필요)"
[시흥시노인종합복지관] 이미용봉사자 모집,경기,시흥시,공통,시흥시노인종합복지관 이미용 봉사자를 모집합니다◎ 활동시기 : 월~금 (일정협의가능)◎ 활동내용 : 저소득 어르신 가정에 방문하여 방문이미용(컷트) 봉사활동◎ 활동장소 : 능곡동 및 시흥 지역(지역은 조정 가능)※ 자원봉사희망자 정보는 신청자와 관리센터만 볼 수 있습니다.(로그인 필요)
거동불편 노인 차량 이용시 보조지원 봉사자,경북,구미시,공통,지역에 거주하는 독거노인 중 순천향대학병원에서 혈액투석을 받는 어르신이 있습니다.어르신이 투석 후 집까지 돌아가시는데 부축해줄 봉사자가 필요합니다.거동은 가능하나 어지럼증을 호소하여 옆에서 부축이 필요한 사항입니다.순천향대학교병원에서 어르신과 함께 장애인 차량을 이용해서 사곡동 어르신 자택까지 모셔다 드리는 것까지 봉사가 해당됩니다. 매주 금요일마다 투석을 다니셔서 매주 금요일마다 오후 2시부터 3시까지 (1시간) 봉사를 해주실 분을 모집합니다.  크게 어렵지 않으며 차량도 장애인 차량을 이용해서 가기 때문에 옆에서 부축만 해주시면 됩니다.더 자세한 사항은 유선으로 문의주세요.친절하게 안내해드리겠습니다.강동재가노인지원서비스센터 사회복지사 김도연 ☎ 473-4008※ 자원봉사희망자 정보는 신청자와 관리센터만 볼 수 있습니다.(로그인 필요)
아동학습지도,서울,용산구,공통,겨울방학 아동학습지도  체험활동 보조진행  봉사자의 전공에 의한 교육 활동 가능※ 자원봉사희망자 정보는 신청자와 관리센터만 볼 수 있습니다.(로그인 필요)
2019년 홈닥터 서비스 봉사단 모집,부산,해운대구,공통,"부산 반석종합사회복지관에서 2019년 홈닥터 서비스 봉사단을 모집합니다.홈닥터서비스란, 주거환경 관리가 취약한 가정내에 방문하여 위생 및 청결상태를 개선하고 건강한 주거생활을 위한 환경 조성을 제공합니다. 1. 봉사활동 내용 : 집안 정리 및 청소, 집안 청결 방법 안내, 자가위생물품지원(세제, 고무장갑, 걸레 등) 2. 모집기간 : 2018. 12.10(월)~2018.12.31.(월) 3. 모집인원 : 10명 모집 3. 봉사일시 : 월 1회 방문(자세한 일정은 추후공지하며 협의가능)4. 신청방법 : 전화 또는 VMS신청 5. 활동시 혜택 : 봉사시간 부여 6. 자원봉사 활동기간 : 2019년 1월~2019년 10월 7. 문의 : 서은애 사회복지사(051-542-0196) ※ 자원봉사희망자 정보는 신청자와 관리센터만 볼 수 있습니다.(로그인 필요)"
아동관리 및 학습지도,경북,경주시,공통,학습지도 대상  - 초등생 및 중.고등학생 학습지도 학습과목 - 초등생 (수학.영어)  중.고등학생(수학.영어.컴퓨터 자격증(워드.컴활)) 봉사시간 - 시간 협의 ※ 자원봉사희망자 정보는 신청자와 관리센터만 볼 수 있습니다.(로그인 필요)
[남양주보훈요양원]전문 ★미용자원봉사자★ 모집,경기,남양주시,공통,"안녕하세요 한국보훈복지의료공단 남양주보훈요양원입니다.입소어르신들에게 미용을 해주실 전문 자원봉사자를 모집합니다.가. 희망일시: 월 1~2회나. 시간 및 인원: 자원봉사자와 협의 후 진행다. 봉사장소: 남양주보훈요양원(경기도 남양주시 덕송2로 71)라. 봉사내용: 입소어르신에게 미용봉사마. 신청방법-전화접수만 가능(031-579-7012, 강민지사회복지사)-담당자 업무시간(08:30~17:30)어르신들께서 위생적이고 쾌적한 일상생활을 보내실 수 있도록 자원봉사자님들의 도움이 필요합니다,많은 지원 부탁드립니다. 감사합니다. ※ 자원봉사희망자 정보는 신청자와 관리센터만 볼 수 있습니다.(로그인 필요)"
어르신 활동 보조 및 일반 사무보조,경기,성남시,공통,어르신 활동 보조 및 일반 사무업무 보조 해주실자원봉사자분 모집합니다.봉사활동 신청은 반드시 전화 신청 부탁드립니다.연락처 : 031-707-8790~1※ 자원봉사희망자 정보는 신청자와 관리센터만 볼 수 있습니다.(로그인 필요)
아동학습보조 봉사자 ,제주,서귀포시,공통,아동들의 국어 수학 학습을 보조해 주시고 함께 놀아주실 수 있는 분들 부탁드립니다.※ 자원봉사희망자 정보는 신청자와 관리센터만 볼 수 있습니다.(로그인 필요)
[글로리병원] 입원환우대상 이미용봉사자모집,인천,부평구,공통," 글로리병원에서 이미용봉사자를 급히 모십니다.* 봉사일자 : 매주 수요일 정기봉사* 봉사시간 : 10:00 ~ 11:30 * VMS 시간 입력, 점심식사제공  - 신청은 전화 또는 vms로 해주시기 바랍니다.  ☎032-518-9001※ 자원봉사희망자 정보는 신청자와 관리센터만 볼 수 있습니다.(로그인 필요)"
어르신 미용 보조.,경기,김포시,공통,"저희 주간보호센터 선생님들이 어르신 목욕을 끝낸 후,1. 마스크팩 붙이기2. 손톱깎이3. 머리 말려주기세 가지 해주실 봉사자 모십니다.^^매주 수요일 오후 두시부터 네시까지 정기적으로 해주실 수 있는 분!!!!!많은 지원 바랍니다.감사합니다.※ 자원봉사희망자 정보는 신청자와 관리센터만 볼 수 있습니다.(로그인 필요)"
정을 나누는 반찬지원,경기,안산시,공통,"저희 상록재가노인지원서비스센터에서는 독거 어르신들을 위한 밑반찬 지원사업을 운영하고 있습니다. 어르신들을 공경하는 마음가짐과 성실성만 있다면 누구나 환영합니다.봉사자 여러분들의 따뜻한 손길을 기다리겠습니다 ♡~1. 봉사기간 : 매주 수 10:30 ~ 12:30(2시간)2. 봉사내용 : 밑반찬 배달3. 모집인원 : 0명(상시 모집) *자차이용 가능자4. 신청방법 : 이메일 지원(lsh2127@nate.net) - 이름, 연락처, 기간, 시작가능일5. 봉사혜택 : VMS 인증6. 기관위치 : 안산시시외버스정류장옆 롯데마트 건너편 성어공원 내 건물7. 문의사항 : 이성희 사회복지사(031-414-2271~2)  ※ 친구분과 함께 봉사 가능, 단체 봉사활동 환영합니다.※ 자원봉사희망자 정보는 신청자와 관리센터만 볼 수 있습니다.(로그인 필요)"
도시락배달,강원,동해시,공통,"도시락배달 봉사자를 모집합니다- 차량봉사자(수요일, 목요일)가능- 배달봉사자(요일상관없음)09:30~11:40분까지(상황에따라 일찍마치거나 조금 늦어질수 있음)** 봉사자분들께는 무료식사가 제공됩니다**매일오셔도 되고 주1회 요일지정하셔도 됩니다.본 기관에서는 주5회로 대상자 100분어르신들께 식사를 배달해 드리고 있습니다※ 자원봉사희망자 정보는 신청자와 관리센터만 볼 수 있습니다.(로그인 필요)"
단원구노인복지관 어르신 식사(도시락)  배달 자원활동가 모집,경기,안산시,공통,안산시 단원구 선부동에 위치한 단원구노인복지관입니다. 단원구노인복지관에서는 재가복지사업으로 어르신 가정에 도시락 배달을 진행하고 있습니다. 도시락 배달을 도와주실 자원봉사자를 모집하고 있으니 많은 관심과 참여바랍니다. *일시 : 매주 목요일 10:30~12:30 *장소 : 안산시 단원구 내 어르신가정 20곳 *모집인원 : 2명 *자격요건 : 20세 이상 운전면허 소지자 및 자차 이용 가능한자 * 문의 : 지역사회조직팀 황미영 사회복지사(031-489-5022)※ 자원봉사희망자 정보는 신청자와 관리센터만 볼 수 있습니다.(로그인 필요)
요양원 이미용봉사 선생님 모십니다,경기,시흥시,공통,요양원에서 미용봉사해주실 봉사자 선생님을 애타게 기다리고 있습니다.어르신은 49분 계시고봉사 주기는 담당자와 상담후 정하시면 됩니다.연락많이 주세요~^^※ 자원봉사희망자 정보는 신청자와 관리센터만 볼 수 있습니다.(로그인 필요)
[길음종합사회복지관] 학습멘토링 멘토 자원봉사자 모집!,서울,성북구,여,"길음종합사회복지관과 함께하는 학습멘토링 멘토 자원봉사자 모집!길음복지관에서는 저소득 가정의 청소년들이 학습 및 정서적인 도움을 받을 수 있도록 학습멘토링 자원봉사자를 모집하고 있습니다.자세한 사항은 아래의 내용을 참고하여 주시고, 많은 분들의 관심과 따뜻한 참여 부탁드립니다^^-모집부문 : 아동청소년의 멘토가 되어줄 수 있는 대학생 멘토 모집-기간 : 2018년 11월부터 1년 이상-활동내용: 1:1 개별 멘토링 활동(멘티의 관심 분야 멘토링 - 영어, 수학 등)-모집안내 1) vms 자원봉사자 모집 글의 신청 2) 길음종합사회복지관 홈페이지 자원봉사 신청(www.guswc.org 접속 -> 나눔과참여 -> 봉사자모집 -> 학습멘토링 자원봉사자 모집 신청 3) 02-985-0161 마을동행팀 신청-모집대상 1) 1년 이상 지속적으로 성실하게 활동 가능한 여자 대학생 2) 아동 청소년에게 관심이 많고 친절하게 멘토 활동이 가능한 여자 대학생-활동혜택 1) VMS 봉사시간 등록 2) 교재비 지원 3) 멘토 모임을 통한 다양한 인적 네트워크 형성-문의: 02-985-0161 마을동행팀※ 자원봉사희망자 정보는 신청자와 관리센터만 볼 수 있습니다.(로그인 필요)"
자원봉사,대전,서구,공통,"1. 봉사내용  :  어르신 식사, 목욕 등 케어, 프로그램 지원2. 봉사시간  :  월~금 :오전09:00~오후18:00 토 : 오전09:00~16:00(시간내 조절가능)3. 모집기간  :  수시 (정기, 비정기) 가능4. 주      소  :  대전 서구 월평로68, 5층 (귀남빌딜or영동빌딩)5. 연  락  처 :  담당자 010-3255-61411) VMS 가입후 문의사항은 전화주세요2) 정기적으로 봉사활동 가능하시면 좋겠습니다.6. 봉사자 유형 : 학생은 고등학생이상 봉사가능합니다.                     초, 중학생은 보호자 또는 인솔자가 함께해야 봉사가능합니다※ 자원봉사희망자 정보는 신청자와 관리센터만 볼 수 있습니다.(로그인 필요)"
[성민종합사회복지관] 밑반찬배달 자원봉사자를 모집합니다.,서울,관악구,공통,"안녕하세요 관악구 삼성동에 위치한 성민종합사회복지관입니다.성민종합사회복지관에서는 지역 내 따뜻한 식사가 필요한 저소득 어르신들에게 밑반찬을 제공하고 있습니다.이에 어르신 급식봉사에 관심있는 성실하고 책임감있는 성인 자원봉사자를 모집합니다.1. 모집대상: 20세 이상 성인 누구나2. 모집인원: 밑반찬배달 2명3. 시간: 주 1회(화요일 또는 금요일), 12:40~15:40(3시간), 13:20~15:20(2시간), 요일 및 시간 조정가능4. 장소: 복지관 및 어르신가정5. 내용: 밑반찬 포장, 밑반찬 배달, 밑반찬 용기 세척 등6. 비고: 밑반찬 배달사업은 연중 상시 운영되므로 1개월 이상 장기 자원봉사자를 모집합니다. 7. 문의: 이송미 사회복지사 (02-876-0900)함께해주셔서 감사합니다^^※ 자원봉사희망자 정보는 신청자와 관리센터만 볼 수 있습니다.(로그인 필요)"
한글교육가정자원봉사자 모집!,부산,사하구,여,"저희 평화재가노인지원서비스센터에서는 한글을 깨우치지 못한 어르신댁으로 찾아가서 한글교육 및 말벗을 하실 가정자원봉사자를 찾고 있습니다.아래를 참고하시어 봉사활동에 참여함으로 사랑과 나눔을 실천하시길 바랍니다.일시:주1회1시간씩(시간조정가능)지역:괴정1명,대티1명,신평1명*혜택:자원봉사활동시간 부여 및 한글교재에 대한 구입 및 기부금 영수증 발급가능 ※ 자원봉사희망자 정보는 신청자와 관리센터만 볼 수 있습니다.(로그인 필요)"
울림합창단 단원 모집(세대통합),인천,서구,공통,"인천기독교종합사회복지관에서 세대통합과 관계증진을 위한 울림합창단 단원을 모집합니다~~~*활동 일정 - 2018년 11월 ~2019년 4월 (매주 수요일) / 오후 3시부터 오후 5시까지 *활동 내용 - 세대통합과 관계증진을 위한 울림합창단 단원으로 전문합창지휘자의 지휘에 맞춰 합창연습 후복지관 70주년 기념 행사 시 합창공연 진행 예정입니다!!(활동시간에 따른 봉사시간 실적 부여합니다!!!) *활동 조건 - 전문합창단이 아닌 울림과 감동을 주는 세대통합합창단으로, 노래를 잘 하지 못해도 전혀 상관이 없으며!!!   음악과 노래, 합창을 좋아하는 마음만 있다면 누구든 환영합니다^^*""너와 나, 우리""의 마음에""울림""을 주는 울림합창단에서 친구도 만들고 합창도 하며 즐거운 경험을 쌓아보세요~~^^  많은 관심과 신청 부탁드립니다~~김주은사회복지사(070-8915-3296)※ 자원봉사희망자 정보는 신청자와 관리센터만 볼 수 있습니다.(로그인 필요)"
***정기 자봉 모집***만덕종합사회복지관***밑반찬배달 자봉모집,부산,북구,공통,"내용 : 밑반찬배달일시 : 매주 화, 금(택1 가능, 택2 가능) 13:30~15:30(2시간)장소 : 만덕동 일대담당자 : 신대철 사회복지사 051-332-8004* 정기적으로 꾸준히 가능 하신분 모집합니다!!!최소 3개월 이상 가능하신분 신청 부탁드립니다. ※ 자원봉사희망자 정보는 신청자와 관리센터만 볼 수 있습니다.(로그인 필요)"
이미용봉사,대구,남구,여,여성노숙인을 대상으로 미용 봉사를 해 주실 분을 모집 합니다.※ 자원봉사희망자 정보는 신청자와 관리센터만 볼 수 있습니다.(로그인 필요)
홍보및 컴퓨터,경남,창원시,공통,"다양터 컴퓨자료 보조업무 및 자료 발송노인 복지사업및 프로그램 개발에 관심있으신분 환영봉사 시간. 장소 자유업무보조에따라 포상있습니다.부산,창원, 많은 지원 바랍니다.차량 소유자 우대 합니다.자원봉사 소모임 공간도 있습니다.함께활동하며 소통하는 자리로 만들어갈수 있기를 바랍니다.※ 자원봉사희망자 정보는 신청자와 관리센터만 볼 수 있습니다.(로그인 필요)"
성모요양원 미용봉사자 모집,인천,서구,공통,매주나 격주로 정기적으로 어르신들을 위해 미용봉사하실분 모집합니다. ※ 자원봉사희망자 정보는 신청자와 관리센터만 볼 수 있습니다.(로그인 필요)
방문 이미용 서비스,부산,사하구,공통,"두송복지관에서 진행하고 있는 ‘방문 이미용 서비스’ 에 재능을 나눠주실 마음 따뜻하고 성실한 자원봉사자를 모집합니다. 1. 사업명 : 방문 이미용 서비스 2. 일시 : 매월 셋째주 화요일 09:00~12:00(봉사자 개인 일정에 따른 조정 가능) 3. 장소 : 두송종합사회복지관(다대2동 4지구 BMC아파트) 4. 봉사대상 : 신체적, 경제적으로 어려움이 있는 장애인 및 노인 5. 모집인원 : 2명(여자 이미용 봉사자 1명, 남자 이미용봉사자 1명) 6. 내용 : 이미용 봉사(컷트) 7. 담당자 : 사회복지사 서승욱(T. 265-9471) ***** 원활한 봉사자 모집을 위하여 VMS로 봉사활동 신청 후, 복지관으로 연락(T. 265-9471) 부탁드립니다. *****※ 자원봉사희망자 정보는 신청자와 관리센터만 볼 수 있습니다.(로그인 필요)"
재가어르신 이미용서비스,울산,남구,공통,"안녕하세요. 디딤돌재가노인지원서비스센터입니다.어르신들을 위한 이미용봉사자를 모집하고있습니다.1. 일시 : 매월 셋째주 목 오전(9시~11시)2. 장소 : 남부교회3. 활동내용 : 어르신 대상 염색 봉사4. 지원자격 : - 성별무관, 연령무관, 책임감있고 지속적으로 봉사해주실 분 - 컷트 봉사자는 기존에 있어 어르신 대상 염색 봉사 가능하신 분(전문적인 기술X) - 염색할 수 있는 분이면 누구나 환영 합니다.15명 내외 어르신들이 이미용서비스를 받고있습니다.어르신들을 위한 이미용서비스 봉사가 가능하신 분들은 연락하여 주시기 바랍니다.※ 자원봉사희망자 정보는 신청자와 관리센터만 볼 수 있습니다.(로그인 필요)"
밑반찬 포장 및 배달 봉사자 모집,경기,성남시,공통,"봉  사  명 : 밑반찬 배달 서비스봉사 일시 : 2018년 10월 ~ 2019년 12월 31일봉사 시간 : 매주 금요일 오전 09:00~12:00모집 인원 : 00명봉사 장소 : 재가복지어르신 중 밑반찬 서비스 대상자봉사 혜택 : 봉사시간인정 및 봉사 인증서 발급 등활동 방법 : 1인 혹은 2인 1조로 복지관에서 도시락 포장 후 담당 어르신댁으로 밑반찬 배달 및 통 수거               담당어르신 방문 시 가까운 거리는 도보 이동, 먼거리의 경우 복지관 제공 교통카드 이용 혹은 자차 이동               날씨 상황을 고려하여 냉？난방 용품, 우의, 아이젠 등 제공재가 복지에 관심있는 분들의 많은 관심과 참여 부탁드립니다~!※ 자원봉사희망자 정보는 신청자와 관리센터만 볼 수 있습니다.(로그인 필요)"
★★ 이미용 자원봉사자를 모집합니다!!! ^^ ★★,광주,북구,공통,"안녕하세요. 시민종합사회복지관입니다.저희 복지관에서는 더불어 나누는 지역사회를 위해 이미용 자원봉사자를 모집합니다 ^^매 월 넷째주 금요일 지역 내 어르신들을 대상으로 진행될 예정이며, 오전 10시부터 오후 12시까지 진행됩니다.시간은 조정 가능합니다 ^^ 많은 관심 부탁드립니다 ~자원봉사 활동 참여를 희망하신 분께서는 연락부탁드리겠습니다 ^^!Tel. 062)571-4100 이다흰 사회복지사※ 자원봉사희망자 정보는 신청자와 관리센터만 볼 수 있습니다.(로그인 필요)"
이/미용 자원봉사자 모집,대구,수성구,공통,"*이/미용 자원봉사자 모집(긴급)-일정 : 매월 1회(09:00~18:00 중, 주말 제외)-장소 : 마야노인복지센터(대구 수성구 공경로 55-3, 2층 / 만촌동)-대상 : 어르신-내용 : 커트, 펌*센터에 이/미용(커트, 펌) 할 수 있는 물품 구비되어 있습니다.*활동을 희망하시는 분은 지체 없이 전화주세요! 053-744-4393※ 자원봉사희망자 정보는 신청자와 관리센터만 볼 수 있습니다.(로그인 필요)"
강동구 행복데이케어센터 프로그램 강사 모집,서울,강동구,공통,"저희 행복데이케어센터는 강동구 암사동 암사종합시장인근에 위치하고 있습니다.데이케어센터에서 어르신들을 위해 프로그램을 진행해주실 강사분을 모집하오니 많은 지원 바랍니다. ^^1. 일   시 : 매주 1회(날짜 및 시간 조정가능합니다)2. 대상자 : 치매 및 노인성 질환 어르신들3. 프로그램종류:  노래교실, 한글교실, 미술교실, 체육신체활동, 전래동화 등*강사분들의 기간에 맞춰서 봉사기간을 정하며 프로그램 종류는 강사님들께 맞추어 진행하도록 하겠습니다.※ 자원봉사희망자 정보는 신청자와 관리센터만 볼 수 있습니다.(로그인 필요)"
강동구 행복데이케어센터 자원봉사자 모집,서울,강동구,공통,"저희 행복데이케어센터는 강동구 암사동 암사종합시장인근에 위치하고 있습니다.프로그램 진행에 따른 보조 및 식사보조, 케어보조, 송영보조, 청소 등 자원봉사자를 모집하고 있으니 많은 관심과 신청 부탁드립니다.1. 내용: 프로그램 보조, 식사보조, 케어보조, 송영보조, 청소 등2. 일시: 매주 월~금요일 오전 9시~13시 / 14시~18시         운영시간 중 상시 가능(요일 및 시간 조정 가능합니다)     3. 대상: 20세 이상4. 위치: 서울 강동구 올림픽로98길30, 탑스빌딩 3층 (암사종합시장 부근)5. 문의 및 접수: 행복데이케어센터 센터장 장혁재 010-5388-7708   (*신청 원하시는 분은 문자로 성별, 나이, 이름, 원하는 요일과 시간, 몇회 가능 여부를 문자로 알려주시면 됩니다. )  * VMS 신청 후 반드시 문자를 남겨주시기 바랍니다.※ 자원봉사희망자 정보는 신청자와 관리센터만 볼 수 있습니다.(로그인 필요)"
차량지원및 독거노인 봉사,부산,부산진구,공통,독거어르신 전화상담및  치매가족 교육지원사업입니다.※ 자원봉사희망자 정보는 신청자와 관리센터만 볼 수 있습니다.(로그인 필요)
창천노인복지센터 도시락배달 봉사자 모집,서울,서대문구,공통,"-봉사기간 : 2019.02.18 ~ 2019.12.31-봉사일시 : 월, 금 11:30 ~ 12:30-봉사내용 : 서대문구 저소득 가정 도시락 배달 봉사-문의 : 02-364-0315 강두원 사회복지사※ 자원봉사희망자 정보는 신청자와 관리센터만 볼 수 있습니다.(로그인 필요)"
재가노인식사배달(도시락배달) 자원봉사자모집,충북,충주시,공통,현재 100여명의 재가 어르신들께 매일 도시락을 배달해 드립니다. 9시~12시사이에 가능한 시간에 오셔서 배달 해주시면 되구요도보로 이용가능한 곳자가로 이용가능한 곳이 있습니다.도보는 복지관 근처에 있는 아파트 단지에 배달합니다.자가는 본인의 차량으로 시내지역을 배달합니다.혹여 못 볼수 있으니 기관으로 꼭 연락주세요^^  043-855-3000※ 자원봉사희망자 정보는 신청자와 관리센터만 볼 수 있습니다.(로그인 필요)
주말(토요일) 어르신 케어 보조,경기,김포시,공통,"토요일 10시~16시어르신 케어를 보조해 주실 봉사자 모십니다.주된 업무로는 말벗, 프로그램 진행 보조, 거동 보조 등 같이 어울려 주시는 것입니다. ※ 자원봉사희망자 정보는 신청자와 관리센터만 볼 수 있습니다.(로그인 필요)"
환경 관리 봉사.,경기,김포시,공통,센터 내 환경관리 봉사자 모십니다.30개 정도의 화분 관리를 해주실 수 있는 분 모십니다.기간과 주기는 조정가능합니다.감사합니다.※ 자원봉사희망자 정보는 신청자와 관리센터만 볼 수 있습니다.(로그인 필요)
"인지,신체 프로그램 진행자모집",서울,마포구,공통,"안녕하세요 서울종합간호요양센터입니다.센터에서 인지,신체 프로그램 진행자를 모집합니다.서울종합간호요양센터는 치매어르신들을 모시는 주야간센터입니다. 어르신들을 프로그램시간에 맞춰서 강의 해주시면 됩니다.저희 센터 어르신들께서는 중증치매어르신은 안 계시며 밝고 건강한 어르신들이 많이 계십니다 많은 지원 부탁드립니다~프로그램 시간 : 매일 오전프로그램 10시30분~11시30분, 오후 프로그램 14시~15시, 오후 2차 프로그램 15시30분~16시30분 (시간 협의 가능)봉사인원 : 무관주소: 서울시마포구숭문길36 2층 서울종합간호요양센터담당자: 어한규 사회복지사 (02-701-9967서울종합간호요양센터)※ 자원봉사희망자 정보는 신청자와 관리센터만 볼 수 있습니다.(로그인 필요)"
이미용 봉사자 모집합니다,부산,중구,공통,송산노인전문요양원에서는 어르신 이미용서비스를 제공할 좋은 자원봉사자님을 모집합니다.날짜와 시간 모두 조율이 가능하오니 저희 요양원과 함께 자원봉사활동을 하고 싶은 봉사자님은 언제든지 연락주시면 감사하겠습니다^^봉사주기는 월 1회 봉사자님이 편하신 일정에 맞출 수 있도록 하겠습니다. ※ 자원봉사희망자 정보는 신청자와 관리센터만 볼 수 있습니다.(로그인 필요)
독거노인 안부확인 및 정서지원,대구,달성군,공통,"단비노인복지센터에서는 화원, 옥포 일대의 저소득층 독거어르신 140여분에게 재가지원서비스를 드리고 있습니다.1. 일시 : 매주 1~2회 안부전화 및 정서지원봉사(평일 편한시간에 활동가능)평일 월~금 9시 ~ 18시2. 장소 : 대구광역시 달성군 화원읍 성화로 40 단비노인복지센터3. 내용 : 독거노인 안부전화 및 정서지원* 책임감을 가지고 정기적인 봉사활동이 가능하신분을 모집합니다.* 단비노인복지센터 053)643-2013 연락주세요.※ 자원봉사희망자 정보는 신청자와 관리센터만 볼 수 있습니다.(로그인 필요)"
영역별 재능기부,경기,광명시,공통,"안녕하세요 광명장애인종합복지관입니다.^^ 장애인 복지관에서는 영역별 재능기부를 모집하고자 합니다.개인이 가지고 있는 재능을 개인의 이익이나 기술개발에만 몰두하지 않고 이를 활용해 사회에 기여하는 새로운 기부형태를 말하며,  개인이 가진 재능을 사회단체 또는 공공기관 등에 기부하여 사회에 공헌하는 것입니다.모든연령대를 대상으로 모집을 하고 있으며, 한 계층을 대상으로 하셔도 됩니다.          *재능기부*재능장소 : 광명장애인종합복지관 관내모집기간 : 2018년 8월3일부터~모집시까지모집분야 : 노래, 미술, 악기, 댄스, 운동, 퍼포먼스 등 다양한 문화예술분야신청자격 : 재능기부를 희망하는 단체 또는 개인문의 : 광명장애인종합복지관 사례관리지역연계팀 070-4510-3640~3 ※ 자원봉사희망자 정보는 신청자와 관리센터만 볼 수 있습니다.(로그인 필요)"
[계양재가노인지원서비스센터] 차량봉사자 모집합니다.,인천,계양구,공통,"안녕하세요. 계양재가노인지원서비스센터입니다.본 센터에서는 식생활 사업에 따른 밑반찬 전달 자원봉사자를 모집하려고 합니다.많은 관심과 참여 부탁드리겠습니다.-------------------------------------------------------------------------------일시 : 매월 첫째,둘째,셋째 주 목요일(오후 14시 ~ 18시) (거의 고정된 시간)장소 : 본 센터에서 출발하여 각 담당구역(임학병방, 계산동, 효성동)으로 나뉘어 어르신들 댁 방문참고사항 : 어르신댁 특성상 골목길이 많은관계로 경차를 소유하셔서 자차로 봉사가 가능하신 분이었으면 좋겠습니다. 기타 문의사항이 있으신 분들은 계양재가노인지원서비스센터로 연락주시기 바랍니다. (업무시간[09:00-18:00] 내 032-556-0005 / 업무시간(18:00~) 외 010-4081-3407)※ 자원봉사희망자 정보는 신청자와 관리센터만 볼 수 있습니다.(로그인 필요)"
독거노인 간식전달 및 안부확인 자원봉사활동,대구,수성구,공통,※화성재가노인복지센터에서 간식전달 및 안부연락 봉사자를 찾습니다.하는 내용 : 수성구 일대의 홀로사시는 어르신들을 찾아뵙고 간식 및 밑반찬을 전달하는 일입니다. 어르신들을 찾아뵙고 간식 및 밑반찬을 전달하며 어르신들에게 말벗서비스를 제공해주는 봉사활동입니다. 홀로 사시는 어르신들은 경제적으로 매우 열악하게 지내고 계시어 복지적인 마인드 및 오래 지속해주실분을 찾고 있습니다. 봉사활동을 하시는 것은 좋지만 어르신들은 사람이 자주 바뀌면 좋아하지 않으시기 때문에 신중히 생각해주시고 복지적은 마인드가 있으셨으면 좋겠습니다. 항상 세상의 희망이 되시는 선생님들이 있어서 오늘도 독거노인 어르신들은 행복을 느끼며 살아가십니다. ^^문의사항 : 전민재 사회복지사 (053-767-1185)※ 자원봉사희망자 정보는 신청자와 관리센터만 볼 수 있습니다.(로그인 필요)
이미용,서울,강서구,공통,매월1회 이미용 봉사가능하신분 모십니다 꾸준하게 해주실분을 원합니다.저희는 48명의 어르신이 계시고 남자는 16분 여자는 32분 계십니다.매월 1회 방문하셔서 한층에서만 해주시면 됩니다.미용도구 필요하신게 있으시면 준비해놓습니다^^시간 조정가능합니다. 원하시는 날짜지정 가능합니다. 연락주세요!※ 자원봉사희망자 정보는 신청자와 관리센터만 볼 수 있습니다.(로그인 필요)
한글교육 가정자원봉사자 모집합니다^^,부산,사하구,여,"저희 평화재가노인지원서비스스센터에서는 한글을 까우치지 못한 어르신댁으로 찾아가서 한글교육 및 말벗을 하실 가정자원봉사자를 찾고 있습니다.아래를 참고하시어 봉사활동에 참여함으로 사랑과 나눔을 실천하시길 바랍니다.- 일시 : 주1회 1시간씩(시간조정가능)- 지역 : 괴정1명, 대티1명- 대상 : 어르신을 사랑하는 봉사자 (30~50대)- 담당 : 신규원 사회복지사(201-2248)*혜택 : 자원봉사활동시간 부여 및 한글교재에 대한 구입 및 기부금 영수증 발급가능 ※ 자원봉사희망자 정보는 신청자와 관리센터만 볼 수 있습니다.(로그인 필요)"
어르신 말벗 정서 인지지원,서울,강남구,공통,  압구정 1번출구 구 현대 아파트 와상 남자 어르신 정서지원 말벗 봉사시간 일정은 봉사자 일정으로 조정가능010-7229-7898※ 자원봉사희망자 정보는 신청자와 관리센터만 볼 수 있습니다.(로그인 필요)
어르신 웃음치료 실버레크,부산,해운대구,공통,이 곳은 치매어르신들을 케어하는 사회복지시설입니다.월 2회정도 어르신들을 위한 웃음치료 실버레크 가능하신 봉사자분들 지원을 바랍니다.부모님을 생각하는 마음으로 지원을 부탁드립니다. ※ 자원봉사희망자 정보는 신청자와 관리센터만 볼 수 있습니다.(로그인 필요)
재가봉사자,충북,청주시,공통,"안녕하세요The아름다운재가장기요양기관입니다.재가봉사 생활지원 봉사입니다~^^!(프로그램 보조도움,말벗,식사도움,등 .. )어르신들에 대한 공경하는 마음과봉사자의 따듯한 마음을 가진 봉사자님 들께서는the아름다운재가장기요양기관 저희 어르신들에게 특별한 시간을 함께해주세요!일요일 휴일 제외로 (평일,공휴일) 언제든지 가능합니다 ~!! ※ 자원봉사희망자 정보는 신청자와 관리센터만 볼 수 있습니다.(로그인 필요)"
목욕봉사자,충북,청주시,공통,"안녕하세요the아름다운재가장기요양기관입니다매주,화요일 - 목욕(남자)목요일 - 목욕(여자)화,목 목욕서비스를 진행합니다 ^^!어르신을 공경하며 사랑하는 마음을 가지신 !!행복을 위해 봉사하는 봉사자,봉사단체 께서는the아름다운재가장기요양기관에 더불어 함께하는 소중한 시간을 간직하고 싶습니다 ※ 자원봉사희망자 정보는 신청자와 관리센터만 볼 수 있습니다.(로그인 필요)"
[차량봉사]밑반찬서비스 배달,서울,송파구,공통,"본 복지관에서는 60명의 재가장애인에게 건강한 식생활 및 정서지원을 위한 밑반찬서비스를 지원하고 있습니다.이를 위한 밑반찬 차량배달 자원봉사자를 모집합니다.○ 봉사일시 : 매주 화요일 오후 1시 ~ 오후 5시 30분 중 (1~2시간)○ 봉사내용 : 차량으로 재가장애인 가정에 밑반찬 배달, 정서지원(4가정)○ 활동위치 : 마천, 거여동 4가정(협의가능)○ 자격요건 : 봉사활동 경험이 없으신 분도 참여 가능 / 장기적으로 활동 가능한 분 우대 ※ 자원봉사희망자 정보는 신청자와 관리센터만 볼 수 있습니다.(로그인 필요)"
재능기부,제주,제주시,공통,"재능기부, 노력봉사할 봉사자를 모집합니다※ 자원봉사희망자 정보는 신청자와 관리센터만 볼 수 있습니다.(로그인 필요)"